Workbook

Sheet Database
A1: Name | B1: Weight | C1: d | D1: Zx | E1: Sx | F1: ry | G1: rts | H1: J | I1: ho | J1: Lp | K1: Lr | L1: Mp | M1: Fcr | N1: Mn | O1: Mn_Omega | P1: Viability | Q1: RankKey
A2: W6X8.5 | B2: 8.5 | C2: 5.83 | D2: 5.73 | E2: 5.1 | F2: 0.89 | G2: 1.05 | H2: 0.0333 | I2: 5.64 | J2: =1.76 * F2 * SQRT(29000 / Dashboard!$B$8) / 12 -> 3.143659 | K2: =1.95 * G2 * (29000 / (0.7 * Dashboard!$B$8)) / 12 * SQRT((H2*1)/(E2*I2) + SQRT(((H2*1)/(E2*I2))^2 + 6.76*((0.7*Dashboard!$B$8)/29000)^2)) -> 9.4862262 | L2: =Dashboard!$B$8 * D2 / 12 -> 23.875 | M2: =(Dashboard!$B$9 * PI()^2 * 29000 / ((Dashboard!$B$5*12)/G2)^2) * SQRT(1 + 0.078 * (H2*1)/(E2*I2) * ((Dashboard!$B$5*12)/G2)^2) -> 149.32472 | N2: =MIN( IF(Dashboard!$B$5 <= J2, L2, IF(Dashboard!$B$5 <= K2, Dashboard!$B$9 * (L2 - (L2 - 0.7*Dashboard!$B$8*E2/12) * ((Dashboard!$B$5 - J2)/(K2 - J2))), M2 * E2 / 12) ), L2 ) -> 22.659866 | O2: =N2 / 1.67 -> 13.568782 | P2: =IF(AND(O2 >= Dashboard!$B$11, C2 <= Dashboard!$B$6), "Pass", "Fail") -> Fail | Q2: =IF(P2="Pass", B2 + ROW()/100000, 9999999) -> 9999999
A3: W6X9 | B3: 9 | C3: 5.9 | D3: 6.23 | E3: 5.56 | F3: 0.905 | G3: 1.06 | H3: 0.0405 | I3: 5.69 | J3: =1.76 * F3 * SQRT(29000 / Dashboard!$B$8) / 12 -> 3.196642 | K3: =1.95 * G3 * (29000 / (0.7 * Dashboard!$B$8)) / 12 * SQRT((H3*1)/(E3*I3) + SQRT(((H3*1)/(E3*I3))^2 + 6.76*((0.7*Dashboard!$B$8)/29000)^2)) -> 9.752365 | L3: =Dashboard!$B$8 * D3 / 12 -> 25.958333 | M3: =(Dashboard!$B$9 * PI()^2 * 29000 / ((Dashboard!$B$5*12)/G3)^2) * SQRT(1 + 0.078 * (H3*1)/(E3*I3) * ((Dashboard!$B$5*12)/G3)^2) -> 153.20617 | N3: =MIN( IF(Dashboard!$B$5 <= J3, L3, IF(Dashboard!$B$5 <= K3, Dashboard!$B$9 * (L3 - (L3 - 0.7*Dashboard!$B$8*E3/12) * ((Dashboard!$B$5 - J3)/(K3 - J3))), M3 * E3 / 12) ), L3 ) -> 24.76456 | O3: =N3 / 1.67 -> 14.829078 | P3: =IF(AND(O3 >= Dashboard!$B$11, C3 <= Dashboard!$B$6), "Pass", "Fail") -> Fail | Q3: =IF(P3="Pass", B3 + ROW()/100000, 9999999) -> 9999999
A4: W8X10 | B4: 10 | C4: 7.89 | D4: 8.87 | E4: 7.81 | F4: 0.841 | G4: 1.01 | H4: 0.0426 | I4: 7.69 | J4: =1.76 * F4 * SQRT(29000 / Dashboard!$B$8) / 12 -> 2.9705811 | K4: =1.95 * G4 * (29000 / (0.7 * Dashboard!$B$8)) / 12 * SQRT((H4*1)/(E4*I4) + SQRT(((H4*1)/(E4*I4))^2 + 6.76*((0.7*Dashboard!$B$8)/29000)^2)) -> 8.521226 | L4: =Dashboard!$B$8 * D4 / 12 -> 36.958333 | M4: =(Dashboard!$B$9 * PI()^2 * 29000 / ((Dashboard!$B$5*12)/G4)^2) * SQRT(1 + 0.078 * (H4*1)/(E4*I4) * ((Dashboard!$B$5*12)/G4)^2) -> 134.40837 | N4: =MIN( IF(Dashboard!$B$5 <= J4, L4, IF(Dashboard!$B$5 <= K4, Dashboard!$B$9 * (L4 - (L4 - 0.7*Dashboard!$B$8*E4/12) * ((Dashboard!$B$5 - J4)/(K4 - J4))), M4 * E4 / 12) ), L4 ) -> 34.328675 | O4: =N4 / 1.67 -> 20.556093 | P4: =IF(AND(O4 >= Dashboard!$B$11, C4 <= Dashboard!$B$6), "Pass", "Fail") -> Pass | Q4: =IF(P4="Pass", B4 + ROW()/100000, 9999999) -> 10.00004
A5: W10X12 | B5: 12 | C5: 9.87 | D5: 12.6 | E5: 10.9 | F5: 0.785 | G5: 0.983 | H5: 0.0547 | I5: 9.66 | J5: =1.76 * F5 * SQRT(29000 / Dashboard!$B$8) / 12 -> 2.7727778 | K5: =1.95 * G5 * (29000 / (0.7 * Dashboard!$B$8)) / 12 * SQRT((H5*1)/(E5*I5) + SQRT(((H5*1)/(E5*I5))^2 + 6.76*((0.7*Dashboard!$B$8)/29000)^2)) -> 8.0509282 | L5: =Dashboard!$B$8 * D5 / 12 -> 52.5 | M5: =(Dashboard!$B$9 * PI()^2 * 29000 / ((Dashboard!$B$5*12)/G5)^2) * SQRT(1 + 0.078 * (H5*1)/(E5*I5) * ((Dashboard!$B$5*12)/G5)^2) -> 125.7042 | N5: =MIN( IF(Dashboard!$B$5 <= J5, L5, IF(Dashboard!$B$5 <= K5, Dashboard!$B$9 * (L5 - (L5 - 0.7*Dashboard!$B$8*E5/12) * ((Dashboard!$B$5 - J5)/(K5 - J5))), M5 * E5 / 12) ), L5 ) -> 47.685108 | O5: =N5 / 1.67 -> 28.553957 | P5: =IF(AND(O5 >= Dashboard!$B$11, C5 <= Dashboard!$B$6), "Pass", "Fail") -> Fail | Q5: =IF(P5="Pass", B5 + ROW()/100000, 9999999) -> 9999999
A6: W6X12 | B6: 12 | C6: 6.03 | D6: 8.3 | E6: 7.31 | F6: 0.918 | G6: 1.08 | H6: 0.0903 | I6: 5.75 | J6: =1.76 * F6 * SQRT(29000 / Dashboard!$B$8) / 12 -> 3.2425606 | K6: =1.95 * G6 * (29000 / (0.7 * Dashboard!$B$8)) / 12 * SQRT((H6*1)/(E6*I6) + SQRT(((H6*1)/(E6*I6))^2 + 6.76*((0.7*Dashboard!$B$8)/29000)^2)) -> 11.217868 | L6: =Dashboard!$B$8 * D6 / 12 -> 34.583333 | M6: =(Dashboard!$B$9 * PI()^2 * 29000 / ((Dashboard!$B$5*12)/G6)^2) * SQRT(1 + 0.078 * (H6*1)/(E6*I6) * ((Dashboard!$B$5*12)/G6)^2) -> 167.16768 | N6: =MIN( IF(Dashboard!$B$5 <= J6, L6, IF(Dashboard!$B$5 <= K6, Dashboard!$B$9 * (L6 - (L6 - 0.7*Dashboard!$B$8*E6/12) * ((Dashboard!$B$5 - J6)/(K6 - J6))), M6 * E6 / 12) ), L6 ) -> 33.323753 | O6: =N6 / 1.67 -> 19.954343 | P6: =IF(AND(O6 >= Dashboard!$B$11, C6 <= Dashboard!$B$6), "Pass", "Fail") -> Pass | Q6: =IF(P6="Pass", B6 + ROW()/100000, 9999999) -> 12.00006
A7: W8X13 | B7: 13 | C7: 7.99 | D7: 11.4 | E7: 9.91 | F7: 0.843 | G7: 1.03 | H7: 0.0871 | I7: 7.74 | J7: =1.76 * F7 * SQRT(29000 / Dashboard!$B$8) / 12 -> 2.9776455 | K7: =1.95 * G7 * (29000 / (0.7 * Dashboard!$B$8)) / 12 * SQRT((H7*1)/(E7*I7) + SQRT(((H7*1)/(E7*I7))^2 + 6.76*((0.7*Dashboard!$B$8)/29000)^2)) -> 9.2747334 | L7: =Dashboard!$B$8 * D7 / 12 -> 47.5 | M7: =(Dashboard!$B$9 * PI()^2 * 29000 / ((Dashboard!$B$5*12)/G7)^2) * SQRT(1 + 0.078 * (H7*1)/(E7*I7) * ((Dashboard!$B$5*12)/G7)^2) -> 143.91058 | N7: =MIN( IF(Dashboard!$B$5 <= J7, L7, IF(Dashboard!$B$5 <= K7, Dashboard!$B$9 * (L7 - (L7 - 0.7*Dashboard!$B$8*E7/12) * ((Dashboard!$B$5 - J7)/(K7 - J7))), M7 * E7 / 12) ), L7 ) -> 44.480901 | O7: =N7 / 1.67 -> 26.63527 | P7: =IF(AND(O7 >= Dashboard!$B$11, C7 <= Dashboard!$B$6), "Pass", "Fail") -> Pass | Q7: =IF(P7="Pass", B7 + ROW()/100000, 9999999) -> 13.00007
A8: W4X13 | B8: 13 | C8: 4.16 | D8: 6.28 | E8: 5.46 | F8: 1 | G8: 1.16 | H8: 0.151 | I8: 3.82 | J8: =1.76 * F8 * SQRT(29000 / Dashboard!$B$8) / 12 -> 3.5322011 | K8: =1.95 * G8 * (29000 / (0.7 * Dashboard!$B$8)) / 12 * SQRT((H8*1)/(E8*I8) + SQRT(((H8*1)/(E8*I8))^2 + 6.76*((0.7*Dashboard!$B$8)/29000)^2)) -> 19.211607 | L8: =Dashboard!$B$8 * D8 / 12 -> 26.166667 | M8: =(Dashboard!$B$9 * PI()^2 * 29000 / ((Dashboard!$B$5*12)/G8)^2) * SQRT(1 + 0.078 * (H8*1)/(E8*I8) * ((Dashboard!$B$5*12)/G8)^2) -> 234.43503 | N8: =MIN( IF(Dashboard!$B$5 <= J8, L8, IF(Dashboard!$B$5 <= K8, Dashboard!$B$9 * (L8 - (L8 - 0.7*Dashboard!$B$8*E8/12) * ((Dashboard!$B$5 - J8)/(K8 - J8))), M8 * E8 / 12) ), L8 ) -> 25.861104 | O8: =N8 / 1.67 -> 15.485691 | P8: =IF(AND(O8 >= Dashboard!$B$11, C8 <= Dashboard!$B$6), "Pass", "Fail") -> Fail | Q8: =IF(P8="Pass", B8 + ROW()/100000, 9999999) -> 9999999
A9: W12X14 | B9: 14 | C9: 11.9 | D9: 17.4 | E9: 14.9 | F9: 0.753 | G9: 0.961 | H9: 0.0704 | I9: 11.7 | J9: =1.76 * F9 * SQRT(29000 / Dashboard!$B$8) / 12 -> 2.6597474 | K9: =1.95 * G9 * (29000 / (0.7 * Dashboard!$B$8)) / 12 * SQRT((H9*1)/(E9*I9) + SQRT(((H9*1)/(E9*I9))^2 + 6.76*((0.7*Dashboard!$B$8)/29000)^2)) -> 7.7285373 | L9: =Dashboard!$B$8 * D9 / 12 -> 72.5 | M9: =(Dashboard!$B$9 * PI()^2 * 29000 / ((Dashboard!$B$5*12)/G9)^2) * SQRT(1 + 0.078 * (H9*1)/(E9*I9) * ((Dashboard!$B$5*12)/G9)^2) -> 119.14859 | N9: =MIN( IF(Dashboard!$B$5 <= J9, L9, IF(Dashboard!$B$5 <= K9, Dashboard!$B$9 * (L9 - (L9 - 0.7*Dashboard!$B$8*E9/12) * ((Dashboard!$B$5 - J9)/(K9 - J9))), M9 * E9 / 12) ), L9 ) -> 64.821014 | O9: =N9 / 1.67 -> 38.814978 | P9: =IF(AND(O9 >= Dashboard!$B$11, C9 <= Dashboard!$B$6), "Pass", "Fail") -> Fail | Q9: =IF(P9="Pass", B9 + ROW()/100000, 9999999) -> 9999999
A10: W10X15 | B10: 15 | C10: 9.99 | D10: 16 | E10: 13.8 | F10: 0.81 | G10: 1.01 | H10: 0.104 | I10: 9.72 | J10: =1.76 * F10 * SQRT(29000 / Dashboard!$B$8) / 12 -> 2.8610829 | K10: =1.95 * G10 * (29000 / (0.7 * Dashboard!$B$8)) / 12 * SQRT((H10*1)/(E10*I10) + SQRT(((H10*1)/(E10*I10))^2 + 6.76*((0.7*Dashboard!$B$8)/29000)^2)) -> 8.6089174 | L10: =Dashboard!$B$8 * D10 / 12 -> 66.666667 | M10: =(Dashboard!$B$9 * PI()^2 * 29000 / ((Dashboard!$B$5*12)/G10)^2) * SQRT(1 + 0.078 * (H10*1)/(E10*I10) * ((Dashboard!$B$5*12)/G10)^2) -> 135.10149 | N10: =MIN( IF(Dashboard!$B$5 <= J10, L10, IF(Dashboard!$B$5 <= K10, Dashboard!$B$9 * (L10 - (L10 - 0.7*Dashboard!$B$8*E10/12) * ((Dashboard!$B$5 - J10)/(K10 - J10))), M10 * E10 / 12) ), L10 ) -> 61.432279 | O10: =N10 / 1.67 -> 36.785796 | P10: =IF(AND(O10 >= Dashboard!$B$11, C10 <= Dashboard!$B$6), "Pass", "Fail") -> Fail | Q10: =IF(P10="Pass", B10 + ROW()/100000, 9999999) -> 9999999
A11: W8X15 | B11: 15 | C11: 8.11 | D11: 13.6 | E11: 11.8 | F11: 0.876 | G11: 1.06 | H11: 0.137 | I11: 7.8 | J11: =1.76 * F11 * SQRT(29000 / Dashboard!$B$8) / 12 -> 3.0942081 | K11: =1.95 * G11 * (29000 / (0.7 * Dashboard!$B$8)) / 12 * SQRT((H11*1)/(E11*I11) + SQRT(((H11*1)/(E11*I11))^2 + 6.76*((0.7*Dashboard!$B$8)/29000)^2)) -> 10.053051 | L11: =Dashboard!$B$8 * D11 / 12 -> 56.666667 | M11: =(Dashboard!$B$9 * PI()^2 * 29000 / ((Dashboard!$B$5*12)/G11)^2) * SQRT(1 + 0.078 * (H11*1)/(E11*I11) * ((Dashboard!$B$5*12)/G11)^2) -> 155.31022 | N11: =MIN( IF(Dashboard!$B$5 <= J11, L11, IF(Dashboard!$B$5 <= K11, Dashboard!$B$9 * (L11 - (L11 - 0.7*Dashboard!$B$8*E11/12) * ((Dashboard!$B$5 - J11)/(K11 - J11))), M11 * E11 / 12) ), L11 ) -> 53.770514 | O11: =N11 / 1.67 -> 32.197913 | P11: =IF(AND(O11 >= Dashboard!$B$11, C11 <= Dashboard!$B$6), "Pass", "Fail") -> Fail | Q11: =IF(P11="Pass", B11 + ROW()/100000, 9999999) -> 9999999
A12: W6X15 | B12: 15 | C12: 5.99 | D12: 10.8 | E12: 9.72 | F12: 1.45 | G12: 1.66 | H12: 0.101 | I12: 5.73 | J12: =1.76 * F12 * SQRT(29000 / Dashboard!$B$8) / 12 -> 5.1216916 | K12: =1.95 * G12 * (29000 / (0.7 * Dashboard!$B$8)) / 12 * SQRT((H12*1)/(E12*I12) + SQRT(((H12*1)/(E12*I12))^2 + 6.76*((0.7*Dashboard!$B$8)/29000)^2)) -> 16.481544 | L12: =Dashboard!$B$8 * D12 / 12 -> 45 | M12: =(Dashboard!$B$9 * PI()^2 * 29000 / ((Dashboard!$B$5*12)/G12)^2) * SQRT(1 + 0.078 * (H12*1)/(E12*I12) * ((Dashboard!$B$5*12)/G12)^2) -> 361.99626 | N12: =MIN( IF(Dashboard!$B$5 <= J12, L12, IF(Dashboard!$B$5 <= K12, Dashboard!$B$9 * (L12 - (L12 - 0.7*Dashboard!$B$8*E12/12) * ((Dashboard!$B$5 - J12)/(K12 - J12))), M12 * E12 / 12) ), L12 ) -> 45 | O12: =N12 / 1.67 -> 26.946108 | P12: =IF(AND(O12 >= Dashboard!$B$11, C12 <= Dashboard!$B$6), "Pass", "Fail") -> Pass | Q12: =IF(P12="Pass", B12 + ROW()/100000, 9999999) -> 15.00012
A13: W12X16 | B13: 16 | C13: 12 | D13: 20.1 | E13: 17.1 | F13: 0.773 | G13: 0.983 | H13: 0.103 | I13: 11.7 | J13: =1.76 * F13 * SQRT(29000 / Dashboard!$B$8) / 12 -> 2.7303914 | K13: =1.95 * G13 * (29000 / (0.7 * Dashboard!$B$8)) / 12 * SQRT((H13*1)/(E13*I13) + SQRT(((H13*1)/(E13*I13))^2 + 6.76*((0.7*Dashboard!$B$8)/29000)^2)) -> 8.0450092 | L13: =Dashboard!$B$8 * D13 / 12 -> 83.75 | M13: =(Dashboard!$B$9 * PI()^2 * 29000 / ((Dashboard!$B$5*12)/G13)^2) * SQRT(1 + 0.078 * (H13*1)/(E13*I13) * ((Dashboard!$B$5*12)/G13)^2) -> 125.65433 | N13: =MIN( IF(Dashboard!$B$5 <= J13, L13, IF(Dashboard!$B$5 <= K13, Dashboard!$B$9 * (L13 - (L13 - 0.7*Dashboard!$B$8*E13/12) * ((Dashboard!$B$5 - J13)/(K13 - J13))), M13 * E13 / 12) ), L13 ) -> 75.657604 | O13: =N13 / 1.67 -> 45.303955 | P13: =IF(AND(O13 >= Dashboard!$B$11, C13 <= Dashboard!$B$6), "Pass", "Fail") -> Fail | Q13: =IF(P13="Pass", B13 + ROW()/100000, 9999999) -> 9999999
... A290: W36X925 | B290: 925 | C290: 43.1 | D290: 4130 | E290: 3390 | F290: 4.26 | G290: 5.3 | H290: 1430 | I290: 38.6 | J290: =1.76 * F290 * SQRT(29000 / Dashboard!$B$8) / 12 -> 15.047177 | K290: =1.95 * G290 * (29000 / (0.7 * Dashboard!$B$8)) / 12 * SQRT((H290*1)/(E290*I290) + SQRT(((H290*1)/(E290*I290))^2 + 6.76*((0.7*Dashboard!$B$8)/29000)^2)) -> 106.55952 | L290: =Dashboard!$B$8 * D290 / 12 -> 17208.333 | M290: =(Dashboard!$B$9 * PI()^2 * 29000 / ((Dashboard!$B$5*12)/G290)^2) * SQRT(1 + 0.078 * (H290*1)/(E290*I290) * ((Dashboard!$B$5*12)/G290)^2) -> 3609.4562 | N290: =MIN( IF(Dashboard!$B$5 <= J290, L290, IF(Dashboard!$B$5 <= K290, Dashboard!$B$9 * (L290 - (L290 - 0.7*Dashboard!$B$8*E290/12) * ((Dashboard!$B$5 - J290)/(K290 - J290))), M290 * E290 / 12) ), L290 ) -> 17208.333 | O290: =N290 / 1.67 -> 10304.391 | P290: =IF(AND(O290 >= Dashboard!$B$11, C290 <= Dashboard!$B$6), "Pass", "Fail") -> Fail | Q290: =IF(P290="Pass", B290 + ROW()/100000, 9999999) -> 9999999

Sheet Dashboard
A1: Span Length (ft) | B1: 8
A2: Cantilever Length (ft) | B2: 3
A3: Tributary Width (ft) | B3: 8
A4: Area Load (psf) | B4: 300
A5: Unbraced Length Lb (ft) | B5: 4
A6: Max allowable depth (inches) | B6: 8
A8: Fy (ksi) | B8: 50
A9: Cb | B9: 1
A10: Linear Load w (klf) | B10: =(B4*B3)/1000 -> 2.4
A11: Ma (kip-ft) | B11: =MAX( B10 * (B2 ^ 2) / 2, B10 * (B1 ^ 2) / 8) -> 19.2
A14: Shape | B14: Weight | C14: Depth | D14: Mn/Omega | E14: Ratio
A15: =IF(SMALL(Database!$Q$2:$Q$2000, 1)>=9999999, "", INDEX(Database!A$2:A$2000, MATCH(SMALL(Database!$Q$2:$Q$2000, 1), Database!$Q$2:$Q$2000, 0))) -> W8X10 | B15: =IF($A$15="", "", INDEX(Database!B$2:B$2000, MATCH(SMALL(Database!$Q$2:$Q$2000, 1), Database!$Q$2:$Q$2000, 0))) -> 10 | C15: =IF($A$15="", "", INDEX(Database!C$2:C$2000, MATCH(SMALL(Database!$Q$2:$Q$2000, 1), Database!$Q$2:$Q$2000, 0))) -> 7.89 | D15: =IF($A$15="", "", INDEX(Database!O$2:O$2000, MATCH(SMALL(Database!$Q$2:$Q$2000, 1), Database!$Q$2:$Q$2000, 0))) -> 20.556093 | E15: =$B$11/D15 -> 0.93402965
A16: =IF(SMALL(Database!$Q$2:$Q$2000, 2)>=9999999, "", INDEX(Database!A$2:A$2000, MATCH(SMALL(Database!$Q$2:$Q$2000, 2), Database!$Q$2:$Q$2000, 0))) -> W6X12 | B16: =IF($A$16="", "", INDEX(Database!B$2:B$2000, MATCH(SMALL(Database!$Q$2:$Q$2000, 2), Database!$Q$2:$Q$2000, 0))) -> 12 | C16: =IF($A$16="", "", INDEX(Database!C$2:C$2000, MATCH(SMALL(Database!$Q$2:$Q$2000, 2), Database!$Q$2:$Q$2000, 0))) -> 6.03 | D16: =IF($A$16="", "", INDEX(Database!O$2:O$2000, MATCH(SMALL(Database!$Q$2:$Q$2000, 2), Database!$Q$2:$Q$2000, 0))) -> 19.954343 | E16: =$B$11/D16 -> 0.96219654
A17: =IF(SMALL(Database!$Q$2:$Q$2000, 3)>=9999999, "", INDEX(Database!A$2:A$2000, MATCH(SMALL(Database!$Q$2:$Q$2000, 3), Database!$Q$2:$Q$2000, 0))) -> W8X13 | B17: =IF($A$17="", "", INDEX(Database!B$2:B$2000, MATCH(SMALL(Database!$Q$2:$Q$2000, 3), Database!$Q$2:$Q$2000, 0))) -> 13 | C17: =IF($A$17="", "", INDEX(Database!C$2:C$2000, MATCH(SMALL(Database!$Q$2:$Q$2000, 3), Database!$Q$2:$Q$2000, 0))) -> 7.99 | D17: =IF($A$17="", "", INDEX(Database!O$2:O$2000, MATCH(SMALL(Database!$Q$2:$Q$2000, 3), Database!$Q$2:$Q$2000, 0))) -> 26.63527 | E17: =$B$11/D17 -> 0.72084871
A18: =IF(SMALL(Database!$Q$2:$Q$2000, 4)>=9999999, "", INDEX(Database!A$2:A$2000, MATCH(SMALL(Database!$Q$2:$Q$2000, 4), Database!$Q$2:$Q$2000, 0))) -> W6X15 | B18: =IF($A$18="", "", INDEX(Database!B$2:B$2000, MATCH(SMALL(Database!$Q$2:$Q$2000, 4), Database!$Q$2:$Q$2000, 0))) -> 15 | C18: =IF($A$18="", "", INDEX(Database!C$2:C$2000, MATCH(SMALL(Database!$Q$2:$Q$2000, 4), Database!$Q$2:$Q$2000, 0))) -> 5.99 | D18: =IF($A$18="", "", INDEX(Database!O$2:O$2000, MATCH(SMALL(Database!$Q$2:$Q$2000, 4), Database!$Q$2:$Q$2000, 0))) -> 26.946108 | E18: =$B$11/D18 -> 0.71253333
A19: =IF(SMALL(Database!$Q$2:$Q$2000, 5)>=9999999, "", INDEX(Database!A$2:A$2000, MATCH(SMALL(Database!$Q$2:$Q$2000, 5), Database!$Q$2:$Q$2000, 0))) -> W6X16 | B19: =IF($A$19="", "", INDEX(Database!B$2:B$2000, MATCH(SMALL(Database!$Q$2:$Q$2000, 5), Database!$Q$2:$Q$2000, 0))) -> 16 | C19: =IF($A$19="", "", INDEX(Database!C$2:C$2000, MATCH(SMALL(Database!$Q$2:$Q$2000, 5), Database!$Q$2:$Q$2000, 0))) -> 6.28 | D19: =IF($A$19="", "", INDEX(Database!O$2:O$2000, MATCH(SMALL(Database!$Q$2:$Q$2000, 5), Database!$Q$2:$Q$2000, 0))) -> 28.569121 | E19: =$B$11/D19 -> 0.67205428
A20: =IF(SMALL(Database!$Q$2:$Q$2000, 6)>=9999999, "", INDEX(Database!A$2:A$2000, MATCH(SMALL(Database!$Q$2:$Q$2000, 6), Database!$Q$2:$Q$2000, 0))) -> W5X16 | B20: =IF($A$20="", "", INDEX(Database!B$2:B$2000, MATCH(SMALL(Database!$Q$2:$Q$2000, 6), Database!$Q$2:$Q$2000, 0))) -> 16 | C20: =IF($A$20="", "", INDEX(Database!C$2:C$2000, MATCH(SMALL(Database!$Q$2:$Q$2000, 6), Database!$Q$2:$Q$2000, 0))) -> 5.01 | D20: =IF($A$20="", "", INDEX(Database!O$2:O$2000, MATCH(SMALL(Database!$Q$2:$Q$2000, 6), Database!$Q$2:$Q$2000, 0))) -> 24.026946 | E20: =$B$11/D20 -> 0.7991028
A21: =IF(SMALL(Database!$Q$2:$Q$2000, 7)>=9999999, "", INDEX(Database!A$2:A$2000, MATCH(SMALL(Database!$Q$2:$Q$2000, 7), Database!$Q$2:$Q$2000, 0))) -> W5X19 | B21: =IF($A$21="", "", INDEX(Database!B$2:B$2000, MATCH(SMALL(Database!$Q$2:$Q$2000, 7), Database!$Q$2:$Q$2000, 0))) -> 19 | C21: =IF($A$21="", "", INDEX(Database!C$2:C$2000, MATCH(SMALL(Database!$Q$2:$Q$2000, 7), Database!$Q$2:$Q$2000, 0))) -> 5.15 | D21: =IF($A$21="", "", INDEX(Database!O$2:O$2000, MATCH(SMALL(Database!$Q$2:$Q$2000, 7), Database!$Q$2:$Q$2000, 0))) -> 28.942116 | E21: =$B$11/D21 -> 0.6633931
A22: =IF(SMALL(Database!$Q$2:$Q$2000, 8)>=9999999, "", INDEX(Database!A$2:A$2000, MATCH(SMALL(Database!$Q$2:$Q$2000, 8), Database!$Q$2:$Q$2000, 0))) -> W6X20 | B22: =IF($A$22="", "", INDEX(Database!B$2:B$2000, MATCH(SMALL(Database!$Q$2:$Q$2000, 8), Database!$Q$2:$Q$2000, 0))) -> 20 | C22: =IF($A$22="", "", INDEX(Database!C$2:C$2000, MATCH(SMALL(Database!$Q$2:$Q$2000, 8), Database!$Q$2:$Q$2000, 0))) -> 6.2 | D22: =IF($A$22="", "", INDEX(Database!O$2:O$2000, MATCH(SMALL(Database!$Q$2:$Q$2000, 8), Database!$Q$2:$Q$2000, 0))) -> 37.175649 | E22: =$B$11/D22 -> 0.51646711
A23: =IF(SMALL(Database!$Q$2:$Q$2000, 9)>=9999999, "", INDEX(Database!A$2:A$2000, MATCH(SMALL(Database!$Q$2:$Q$2000, 9), Database!$Q$2:$Q$2000, 0))) -> W8X24 | B23: =IF($A$23="", "", INDEX(Database!B$2:B$2000, MATCH(SMALL(Database!$Q$2:$Q$2000, 9), Database!$Q$2:$Q$2000, 0))) -> 24 | C23: =IF($A$23="", "", INDEX(Database!C$2:C$2000, MATCH(SMALL(Database!$Q$2:$Q$2000, 9), Database!$Q$2:$Q$2000, 0))) -> 7.93 | D23: =IF($A$23="", "", INDEX(Database!O$2:O$2000, MATCH(SMALL(Database!$Q$2:$Q$2000, 9), Database!$Q$2:$Q$2000, 0))) -> 57.634731 | E23: =$B$11/D23 -> 0.33313247
A24: =IF(SMALL(Database!$Q$2:$Q$2000, 10)>=9999999, "", INDEX(Database!A$2:A$2000, MATCH(SMALL(Database!$Q$2:$Q$2000, 10), Database!$Q$2:$Q$2000, 0))) -> W6X25 | B24: =IF($A$24="", "", INDEX(Database!B$2:B$2000, MATCH(SMALL(Database!$Q$2:$Q$2000, 10), Database!$Q$2:$Q$2000, 0))) -> 25 | C24: =IF($A$24="", "", INDEX(Database!C$2:C$2000, MATCH(SMALL(Database!$Q$2:$Q$2000, 10), Database!$Q$2:$Q$2000, 0))) -> 6.38 | D24: =IF($A$24="", "", INDEX(Database!O$2:O$2000, MATCH(SMALL(Database!$Q$2:$Q$2000, 10), Database!$Q$2:$Q$2000, 0))) -> 47.155689 | E24: =$B$11/D24 -> 0.4071619
