Workbook

Sheet TABELA AUXILIAR
A1: Grupo Solo | B1: Peso (kN/m³) | C1: Peso sub (kN/m³) | G1: Estacas - Propriedades geométricas
A2: Relleno (Aterro) | B2: 17 | C2: 10 | G2: Diameter (in) | H2: Diametro (m) | I2: Perímetro (m) | J2: Área (m²)
A3: Areias | B3: 18.5 | C3: 8.5 | G3: 48 | H3: =ROUNDDOWN(G3*0.0254,1) -> 1.2 | I3: =ROUNDDOWN(H3*PI(),2) -> 3.76 | J3: =ROUNDDOWN(PI()*(H3/2)^2,2) -> 1.13
A4: Gravas | B4: 20 | C4: 10.5 | G4: 54 | H4: =ROUNDDOWN(G4*0.0254,1) -> 1.3 | I4: =ROUNDDOWN(H4*PI(),2) -> 4.08 | J4: =ROUNDDOWN(PI()*(H4/2)^2,2) -> 1.32
A5: Finos | B5: 18 | C5: 11 | G5: 60 | H5: =ROUNDDOWN(G5*0.0254,1) -> 1.5 | I5: =ROUNDDOWN(H5*PI(),2) -> 4.71 | J5: =ROUNDDOWN(PI()*(H5/2)^2,2) -> 1.76
A9: Resumo
A10: Capacidade axial geotécnica da fase I | M10: 21400
A11: SPT | B11: Resistencia última (kN) | E11: Resistencia admissível (kN - FS=2) | H11: Profundidade necessária (m) | K11: Profundidade para capacidade fase I (m)
B12: 1.2 | C12: 1.3 | D12: 1.5 | E12: 1.2 | F12: 1.3 | G12: 1.5 | H12: 1.2 | I12: 1.3 | J12: 1.5 | K12: 1.2 | L12: 1.3 | M12: 1.5
A13: SPT-01 | B13: =MAX('SPT-01'!Q$2:Q$90) -> 45732.981 | C13: =MAX('SPT-01'!R$2:R$90) -> 49836.962 | D13: =MAX('SPT-01'!S$2:S$90) -> 58065.524 | E13: =MAX('SPT-01'!T$2:T$90) -> 22866 | F13: =MAX('SPT-01'!U$2:U$90) -> 24918 | G13: =MAX('SPT-01'!V$2:V$90) -> 29032 | H13: =_xlfn.XLOOKUP(B13,'SPT-01'!Q2:Q90,'SPT-01'!$B$2:$B$90,"",0,1) -> 53.4 | I13: =_xlfn.XLOOKUP(C13,'SPT-01'!R2:R90,'SPT-01'!$A$2:$A$90,"",0,1) -> 52.8 | J13: =_xlfn.XLOOKUP(D13,'SPT-01'!S2:S90,'SPT-01'!$A$2:$A$90,"",0,1) -> 52.8 | K13: {=_xlfn.XLOOKUP(TRUE, 'SPT-01'!T2:T90 > 'TABELA AUXILIAR'!$M$10, 'SPT-01'!$B$2:$B$90, "N/A", 0, 1)} -> 51 | L13: {=_xlfn.XLOOKUP(TRUE, 'SPT-01'!U2:U90 > 'TABELA AUXILIAR'!$M$10, 'SPT-01'!$B$2:$B$90, "N/A", 0, 1)} -> 47.4 | M13: {=_xlfn.XLOOKUP(TRUE, 'SPT-01'!V2:V90 > 'TABELA AUXILIAR'!$M$10, 'SPT-01'!$B$2:$B$90, "N/A", 0, 1)} -> 40.8
A14: SPT-02 | B14: =MAX('SPT-02'!Q$2:Q$90) -> 44068.724 | C14: =MAX('SPT-02'!R$2:R$90) -> 48133.913 | D14: =MAX('SPT-02'!S$2:S$90) -> 56358.374 | E14: =MAX('SPT-02'!T$2:T$90) -> 19832 | F14: =MAX('SPT-02'!U$2:U$90) -> 21669 | G14: =MAX('SPT-02'!V$2:V$90) -> 25392 | H14: =_xlfn.XLOOKUP(B14,'SPT-02'!Q3:Q91,'SPT-02'!$B$2:$B$90,"",0,1) -> 47.4 | I14: =_xlfn.XLOOKUP(C14,'SPT-02'!R3:R91,'SPT-02'!$A$2:$A$90,"",0,1) -> 46.8 | J14: =_xlfn.XLOOKUP(D14,'SPT-02'!S3:S91,'SPT-02'!$A$2:$A$90,"",0,1) -> 46.8 | K14: {=_xlfn.XLOOKUP(TRUE, 'SPT-02'!T3:T91 > 'TABELA AUXILIAR'!$M$10, 'SPT-02'!$B$2:$B$90, "N/A", 0, 1)} -> N/A | L14: {=_xlfn.XLOOKUP(TRUE, 'SPT-02'!U3:U91 > 'TABELA AUXILIAR'!$M$10, 'SPT-02'!$B$2:$B$90, "N/A", 0, 1)} -> 43.8 | M14: {=_xlfn.XLOOKUP(TRUE, 'SPT-02'!V3:V91 > 'TABELA AUXILIAR'!$M$10, 'SPT-02'!$B$2:$B$90, "N/A", 0, 1)} -> 39
A15: SPT-03 | B15: =MAX('SPT-03'!Q$2:Q$90) -> 42938.995 | C15: =MAX('SPT-03'!R$2:R$90) -> 46911.322 | D15: =MAX('SPT-03'!S$2:S$90) -> 54955.274 | E15: =MAX('SPT-03'!T$2:T$90) -> 19616 | F15: =MAX('SPT-03'!U$2:U$90) -> 21440 | G15: =MAX('SPT-03'!V$2:V$90) -> 25138 | H15: =_xlfn.XLOOKUP(B15,'SPT-03'!Q4:Q92,'SPT-03'!$B$2:$B$90,"",0,1) -> 46.2 | I15: =_xlfn.XLOOKUP(C15,'SPT-03'!R4:R92,'SPT-03'!$A$2:$A$90,"",0,1) -> 45.6 | J15: =_xlfn.XLOOKUP(D15,'SPT-03'!S4:S92,'SPT-03'!$A$2:$A$90,"",0,1) -> 45.6 | K15: {=_xlfn.XLOOKUP(TRUE, 'SPT-03'!T4:T92 > 'TABELA AUXILIAR'!$M$10, 'SPT-03'!$B$2:$B$90, "N/A", 0, 1)} -> N/A | L15: {=_xlfn.XLOOKUP(TRUE, 'SPT-03'!U4:U92 > 'TABELA AUXILIAR'!$M$10, 'SPT-03'!$B$2:$B$90, "N/A", 0, 1)} -> 43.2 | M15: {=_xlfn.XLOOKUP(TRUE, 'SPT-03'!V4:V92 > 'TABELA AUXILIAR'!$M$10, 'SPT-03'!$B$2:$B$90, "N/A", 0, 1)} -> 39
A16: SPT-04 | B16: =MAX('SPT-04'!Q$2:Q$90) -> 39884.844 | C16: =MAX('SPT-04'!R$2:R$90) -> 43594.583 | D16: =MAX('SPT-04'!S$2:S$90) -> 51119.693 | E16: =MAX('SPT-04'!T$2:T$90) -> 19193 | F16: =MAX('SPT-04'!U$2:U$90) -> 20981 | G16: =MAX('SPT-04'!V$2:V$90) -> 24611 | H16: =_xlfn.XLOOKUP(B16,'SPT-04'!Q5:Q93,'SPT-04'!$B$2:$B$90,"",0,1) -> 43.8 | I16: =_xlfn.XLOOKUP(C16,'SPT-04'!R5:R93,'SPT-04'!$A$2:$A$90,"",0,1) -> 43.2 | J16: =_xlfn.XLOOKUP(D16,'SPT-04'!S5:S93,'SPT-04'!$A$2:$A$90,"",0,1) -> 43.2 | K16: {=_xlfn.XLOOKUP(TRUE, 'SPT-04'!T5:T93 > 'TABELA AUXILIAR'!$M$10, 'SPT-04'!$B$2:$B$90, "N/A", 0, 1)} -> N/A | L16: {=_xlfn.XLOOKUP(TRUE, 'SPT-04'!U5:U93 > 'TABELA AUXILIAR'!$M$10, 'SPT-04'!$B$2:$B$90, "N/A", 0, 1)} -> N/A | M16: {=_xlfn.XLOOKUP(TRUE, 'SPT-04'!V5:V93 > 'TABELA AUXILIAR'!$M$10, 'SPT-04'!$B$2:$B$90, "N/A", 0, 1)} -> 39
A17: SPT-05 | B17: =MAX('SPT-05'!Q$2:Q$90) -> 37859.82 | C17: =MAX('SPT-05'!R$2:R$90) -> 41394.709 | D17: =MAX('SPT-05'!S$2:S$90) -> 48573.82 | E17: =MAX('SPT-05'!T$2:T$90) -> 18504 | F17: =MAX('SPT-05'!U$2:U$90) -> 20234 | G17: =MAX('SPT-05'!V$2:V$90) -> 23750 | H17: =_xlfn.XLOOKUP(B17,'SPT-05'!Q6:Q94,'SPT-05'!$B$2:$B$90,"",0,1) -> 42.6 | I17: =_xlfn.XLOOKUP(C17,'SPT-05'!R6:R94,'SPT-05'!$A$2:$A$90,"",0,1) -> 42 | J17: =_xlfn.XLOOKUP(D17,'SPT-05'!S6:S94,'SPT-05'!$A$2:$A$90,"",0,1) -> 42 | K17: {=_xlfn.XLOOKUP(TRUE, 'SPT-05'!T6:T94 > 'TABELA AUXILIAR'!$M$10, 'SPT-05'!$B$2:$B$90, "N/A", 0, 1)} -> N/A | L17: {=_xlfn.XLOOKUP(TRUE, 'SPT-05'!U6:U94 > 'TABELA AUXILIAR'!$M$10, 'SPT-05'!$B$2:$B$90, "N/A", 0, 1)} -> N/A | M17: {=_xlfn.XLOOKUP(TRUE, 'SPT-05'!V6:V94 > 'TABELA AUXILIAR'!$M$10, 'SPT-05'!$B$2:$B$90, "N/A", 0, 1)} -> 39.6
A18: SPT-06 | B18: =MAX('SPT-06'!Q$2:Q$90) -> 39752.389 | C18: =MAX('SPT-06'!R$2:R$90) -> 43447.236 | D18: =MAX('SPT-06'!S$2:S$90) -> 50940.482 | E18: =MAX('SPT-06'!T$2:T$90) -> 19169 | F18: =MAX('SPT-06'!U$2:U$90) -> 20954 | G18: =MAX('SPT-06'!V$2:V$90) -> 24577 | H18: =_xlfn.XLOOKUP(B18,'SPT-06'!Q7:Q95,'SPT-06'!$B$2:$B$90,"",0,1) -> 42.6 | I18: =_xlfn.XLOOKUP(C18,'SPT-06'!R7:R95,'SPT-06'!$A$2:$A$90,"",0,1) -> 42 | J18: =_xlfn.XLOOKUP(D18,'SPT-06'!S7:S95,'SPT-06'!$A$2:$A$90,"",0,1) -> 42 | K18: {=_xlfn.XLOOKUP(TRUE, 'SPT-06'!T7:T95 > 'TABELA AUXILIAR'!$M$10, 'SPT-06'!$B$2:$B$90, "N/A", 0, 1)} -> N/A | L18: {=_xlfn.XLOOKUP(TRUE, 'SPT-06'!U7:U95 > 'TABELA AUXILIAR'!$M$10, 'SPT-06'!$B$2:$B$90, "N/A", 0, 1)} -> N/A | M18: {=_xlfn.XLOOKUP(TRUE, 'SPT-06'!V7:V95 > 'TABELA AUXILIAR'!$M$10, 'SPT-06'!$B$2:$B$90, "N/A", 0, 1)} -> 37.8
A19: Médio - percentil 10% | B19: =MAX('SPT médio'!Q$2:Q$90) -> 35574.434 | C19: =MAX('SPT médio'!R$2:R$90) -> 38881.569 | D19: =MAX('SPT médio'!S$2:S$90) -> 45588.922 | E19: =MAX('SPT médio'!T$2:T$90) -> 17787.21 | F19: =MAX('SPT médio'!U$2:U$90) -> 19440.78 | G19: =MAX('SPT médio'!V$2:V$90) -> 22794.46 | H19: =_xlfn.XLOOKUP(B19,'SPT médio'!Q8:Q96,'SPT médio'!$B$2:$B$90,"",0,1) -> 40.8 | I19: =_xlfn.XLOOKUP(C19,'SPT médio'!R8:R96,'SPT médio'!$A$2:$A$90,"",0,1) -> 40.2 | J19: =_xlfn.XLOOKUP(D19,'SPT médio'!S8:S96,'SPT médio'!$A$2:$A$90,"",0,1) -> 40.2 | K19: {=_xlfn.XLOOKUP(TRUE, 'SPT médio'!T8:T96 > 'TABELA AUXILIAR'!$M$10, 'SPT médio'!$B$2:$B$90, "N/A", 0, 1)} -> N/A | L19: {=_xlfn.XLOOKUP(TRUE, 'SPT médio'!U8:U96 > 'TABELA AUXILIAR'!$M$10, 'SPT médio'!$B$2:$B$90, "N/A", 0, 1)} -> N/A | M19: {=_xlfn.XLOOKUP(TRUE, 'SPT médio'!V8:V96 > 'TABELA AUXILIAR'!$M$10, 'SPT médio'!$B$2:$B$90, "N/A", 0, 1)} -> 39

Sheet Capacidade por eixo
A1: Considerando o pior caso (SPT-01) | E1: 21400 | J1: Prof | K1: Rn-1,2m (kN) - A | L1: Rn-1,3m (kN) - A | M1: Rn-1,5m (kN) - A | N1: 34 | O1: Prof | P1: Rn-1,2m (kN) - B | Q1: Rn-1,3m (kN) - B | R1: Rn-1,5m (kN) - B | S1: 26 | T1: Prof | U1: Rn-1,2m (kN) - C | V1: Rn-1,3m (kN) - C | W1: Rn-1,5m (kN) - C | X1: 18 | Y1: Prof | Z1: Rn-1,2m (kN) - D | AA1: Rn-1,3m (kN) - D | AB1: Rn-1,5m (kN) - D | AC1: 10 | AD1: Prof | AE1: Rn-1,2m (kN) - E | AF1: Rn-1,3m (kN) - E | AG1: Rn-1,5m (kN) - E
A2: Eixo | B2: Cota TOPO | C2: 1,2m - cota de fundo | D2: 1,3m - cota de fundo | E2: 1,5m - cota de fundo | F2: Embutimento-1,2M | G2: Embutimento-1,3M | H2: Embutimento-1,5M | J2: 21 | K2: =ROUNDDOWN(('SPT-01'!$M37*'TABELA AUXILIAR'!$J$3+SUM('SPT-01'!$N$37:$N37))/2,0)*0.9 -> 1278 | L2: =ROUNDDOWN(('SPT-01'!$M37*'TABELA AUXILIAR'!$J$4+SUM('SPT-01'!$O$37:$O37))/2,0)*0.9 -> 1473.3 | M2: =ROUNDDOWN(('SPT-01'!$M37*'TABELA AUXILIAR'!$J$5+SUM('SPT-01'!$P$37:$P37))/2,0)*0.9 -> 1918.8 | O2: 19.2 | P2: =ROUNDDOWN(('SPT-01'!$M34*'TABELA AUXILIAR'!$J$3+SUM('SPT-01'!$N$34:$N34))/2,0)*0.9 -> 1353.6 | Q2: =ROUNDDOWN(('SPT-01'!$M34*'TABELA AUXILIAR'!$J$4+SUM('SPT-01'!$O$34:$O34))/2,0)*0.9 -> 1561.5 | R2: =ROUNDDOWN(('SPT-01'!$M34*'TABELA AUXILIAR'!$J$5+SUM('SPT-01'!$P$34:$P34))/2,0)*0.9 -> 2034 | T2: 14.4 | U2: =ROUNDDOWN(('SPT-01'!$M26*'TABELA AUXILIAR'!$J$3+SUM('SPT-01'!$N$26:$N26))/2,0)*0.9 -> 1145.7 | V2: =ROUNDDOWN(('SPT-01'!$M26*'TABELA AUXILIAR'!$J$4+SUM('SPT-01'!$O$26:$O26))/2,0)*0.9 -> 1323.9 | W2: =ROUNDDOWN(('SPT-01'!$M26*'TABELA AUXILIAR'!$J$5+SUM('SPT-01'!$P$26:$P26))/2,0)*0.9 -> 1731.6 | Y2: 9.6 | Z2: =ROUNDDOWN(('SPT-01'!$M18*'TABELA AUXILIAR'!$J$3+SUM('SPT-01'!$N$18:$N18))/2,0)*0.9 -> 767.7 | AA2: =ROUNDDOWN(('SPT-01'!$M18*'TABELA AUXILIAR'!$J$4+SUM('SPT-01'!$O$18:$O18))/2,0)*0.9 -> 886.5 | AB2: =ROUNDDOWN(('SPT-01'!$M18*'TABELA AUXILIAR'!$J$5+SUM('SPT-01'!$P$18:$P18))/2,0)*0.9 -> 1160.1 | AD2: 4.8 | AE2: =ROUNDDOWN(('SPT-01'!$M10*'TABELA AUXILIAR'!$J$3+SUM('SPT-01'!$N$10:$N10))/2,0)*0.9 -> 292.5 | AF2: =ROUNDDOWN(('SPT-01'!$M10*'TABELA AUXILIAR'!$J$4+SUM('SPT-01'!$O$10:$O10))/2,0)*0.9 -> 338.4 | AG2: =ROUNDDOWN(('SPT-01'!$M10*'TABELA AUXILIAR'!$J$5+SUM('SPT-01'!$P$10:$P10))/2,0)*0.9 -> 441.9
A3: A | B3: 20.75 | C3: {=_xlfn.XLOOKUP(TRUE, K$2:K$182 > $E$1, $J$2:$J$182, "N/A", 0, 1)} -> 63.6 | D3: {=_xlfn.XLOOKUP(TRUE, L$2:L$182 > $E$1, $J$2:$J$182, "N/A", 0, 1)} -> 60.6 | E3: {=_xlfn.XLOOKUP(TRUE, M$2:M$182 > $E$1, $J$2:$J$182, "N/A", 0, 1)} -> 55.2 | F3: =C3-$B3 -> 42.85 | G3: =D3-$B3 -> 39.85 | H3: =E3-$B3 -> 34.45 | J3: 21.6 | K3: =ROUNDDOWN(('SPT-01'!$M38*'TABELA AUXILIAR'!$J$3+SUM('SPT-01'!$N$37:$N38))/2,0)*0.9 -> 1662.3 | L3: =ROUNDDOWN(('SPT-01'!$M38*'TABELA AUXILIAR'!$J$4+SUM('SPT-01'!$O$37:$O38))/2,0)*0.9 -> 1901.7 | M3: =ROUNDDOWN(('SPT-01'!$M38*'TABELA AUXILIAR'!$J$5+SUM('SPT-01'!$P$37:$P38))/2,0)*0.9 -> 2439.9 | O3: 19.8 | P3: =ROUNDDOWN(('SPT-01'!$M35*'TABELA AUXILIAR'!$J$3+SUM('SPT-01'!$N$34:$N35))/2,0)*0.9 -> 1617.3 | Q3: =ROUNDDOWN(('SPT-01'!$M35*'TABELA AUXILIAR'!$J$4+SUM('SPT-01'!$O$34:$O35))/2,0)*0.9 -> 1848.6 | R3: =ROUNDDOWN(('SPT-01'!$M35*'TABELA AUXILIAR'!$J$5+SUM('SPT-01'!$P$34:$P35))/2,0)*0.9 -> 2368.8 | T3: 15 | U3: =ROUNDDOWN(('SPT-01'!$M27*'TABELA AUXILIAR'!$J$3+SUM('SPT-01'!$N$26:$N27))/2,0)*0.9 -> 977.4 | V3: =ROUNDDOWN(('SPT-01'!$M27*'TABELA AUXILIAR'!$J$4+SUM('SPT-01'!$O$26:$O27))/2,0)*0.9 -> 1116.9 | W3: =ROUNDDOWN(('SPT-01'!$M27*'TABELA AUXILIAR'!$J$5+SUM('SPT-01'!$P$26:$P27))/2,0)*0.9 -> 1430.1 | Y3: 10.2 | Z3: =ROUNDDOWN(('SPT-01'!$M19*'TABELA AUXILIAR'!$J$3+SUM('SPT-01'!$N$18:$N19))/2,0)*0.9 -> 1079.1 | AA3: =ROUNDDOWN(('SPT-01'!$M19*'TABELA AUXILIAR'!$J$4+SUM('SPT-01'!$O$18:$O19))/2,0)*0.9 -> 1238.4 | AB3: =ROUNDDOWN(('SPT-01'!$M19*'TABELA AUXILIAR'!$J$5+SUM('SPT-01'!$P$18:$P19))/2,0)*0.9 -> 1601.1 | AD3: 5.4 | AE3: =ROUNDDOWN(('SPT-01'!$M11*'TABELA AUXILIAR'!$J$3+SUM('SPT-01'!$N$10:$N11))/2,0)*0.9 -> 550.8 | AF3: =ROUNDDOWN(('SPT-01'!$M11*'TABELA AUXILIAR'!$J$4+SUM('SPT-01'!$O$10:$O11))/2,0)*0.9 -> 633.6 | AG3: =ROUNDDOWN(('SPT-01'!$M11*'TABELA AUXILIAR'!$J$5+SUM('SPT-01'!$P$10:$P11))/2,0)*0.9 -> 821.7
A4: B | B4: 19 | C4: {=_xlfn.XLOOKUP(TRUE, P$2:P$182 > $E$1, $O$2:$O$182, "N/A", 0, 1)} -> 62.4 | D4: {=_xlfn.XLOOKUP(TRUE, Q$2:Q$182 > $E$1, $O$2:$O$182, "N/A", 0, 1)} -> 58.8 | E4: {=_xlfn.XLOOKUP(TRUE, R$2:R$182 > $E$1, $O$2:$O$182, "N/A", 0, 1)} -> 53.4 | F4: =C4-$B4 -> 43.4 | G4: =D4-$B4 -> 39.8 | H4: =E4-$B4 -> 34.4 | J4: 22.2 | K4: =ROUNDDOWN(('SPT-01'!$M39*'TABELA AUXILIAR'!$J$3+SUM('SPT-01'!$N$37:$N39))/2,0)*0.9 -> 1938.6 | L4: =ROUNDDOWN(('SPT-01'!$M39*'TABELA AUXILIAR'!$J$4+SUM('SPT-01'!$O$37:$O39))/2,0)*0.9 -> 2201.4 | M4: =ROUNDDOWN(('SPT-01'!$M39*'TABELA AUXILIAR'!$J$5+SUM('SPT-01'!$P$37:$P39))/2,0)*0.9 -> 2789.1 | O4: 20.4 | P4: =ROUNDDOWN(('SPT-01'!$M36*'TABELA AUXILIAR'!$J$3+SUM('SPT-01'!$N$34:$N36))/2,0)*0.9 -> 1883.7 | Q4: =ROUNDDOWN(('SPT-01'!$M36*'TABELA AUXILIAR'!$J$4+SUM('SPT-01'!$O$34:$O36))/2,0)*0.9 -> 2138.4 | R4: =ROUNDDOWN(('SPT-01'!$M36*'TABELA AUXILIAR'!$J$5+SUM('SPT-01'!$P$34:$P36))/2,0)*0.9 -> 2707.2 | T4: 15.6 | U4: =ROUNDDOWN(('SPT-01'!$M28*'TABELA AUXILIAR'!$J$3+SUM('SPT-01'!$N$26:$N28))/2,0)*0.9 -> 1056.6 | V4: =ROUNDDOWN(('SPT-01'!$M28*'TABELA AUXILIAR'!$J$4+SUM('SPT-01'!$O$26:$O28))/2,0)*0.9 -> 1199.7 | W4: =ROUNDDOWN(('SPT-01'!$M28*'TABELA AUXILIAR'!$J$5+SUM('SPT-01'!$P$26:$P28))/2,0)*0.9 -> 1518.3 | Y4: 10.8 | Z4: =ROUNDDOWN(('SPT-01'!$M20*'TABELA AUXILIAR'!$J$3+SUM('SPT-01'!$N$18:$N20))/2,0)*0.9 -> 779.4 | AA4: =ROUNDDOWN(('SPT-01'!$M20*'TABELA AUXILIAR'!$J$4+SUM('SPT-01'!$O$18:$O20))/2,0)*0.9 -> 882 | AB4: =ROUNDDOWN(('SPT-01'!$M20*'TABELA AUXILIAR'!$J$5+SUM('SPT-01'!$P$18:$P20))/2,0)*0.9 -> 1108.8 | AD4: 6 | AE4: =ROUNDDOWN(('SPT-01'!$M12*'TABELA AUXILIAR'!$J$3+SUM('SPT-01'!$N$10:$N12))/2,0)*0.9 -> 874.8 | AF4: =ROUNDDOWN(('SPT-01'!$M12*'TABELA AUXILIAR'!$J$4+SUM('SPT-01'!$O$10:$O12))/2,0)*0.9 -> 1002.6 | AG4: =ROUNDDOWN(('SPT-01'!$M12*'TABELA AUXILIAR'!$J$5+SUM('SPT-01'!$P$10:$P12))/2,0)*0.9 -> 1291.5
A5: C | B5: 14.4 | C5: {=_xlfn.XLOOKUP(TRUE, U$2:U$182 > $E$1, $T$2:$T$182, "N/A", 0, 1)} -> 59.4 | D5: {=_xlfn.XLOOKUP(TRUE, V$2:V$182 > $E$1, $T$2:$T$182, "N/A", 0, 1)} -> 55.8 | E5: {=_xlfn.XLOOKUP(TRUE, W$2:W$182 > $E$1, $T$2:$T$182, "N/A", 0, 1)} -> 50.4 | F5: =C5-$B5 -> 45 | G5: =D5-$B5 -> 41.4 | H5: =E5-$B5 -> 36 | J5: 22.8 | K5: =ROUNDDOWN(('SPT-01'!$M40*'TABELA AUXILIAR'!$J$3+SUM('SPT-01'!$N$37:$N40))/2,0)*0.9 -> 2217.6 | L5: =ROUNDDOWN(('SPT-01'!$M40*'TABELA AUXILIAR'!$J$4+SUM('SPT-01'!$O$37:$O40))/2,0)*0.9 -> 2505.6 | M5: =ROUNDDOWN(('SPT-01'!$M40*'TABELA AUXILIAR'!$J$5+SUM('SPT-01'!$P$37:$P40))/2,0)*0.9 -> 3143.7 | O5: 21 | P5: =ROUNDDOWN(('SPT-01'!$M37*'TABELA AUXILIAR'!$J$3+SUM('SPT-01'!$N$34:$N37))/2,0)*0.9 -> 2021.4 | Q5: =ROUNDDOWN(('SPT-01'!$M37*'TABELA AUXILIAR'!$J$4+SUM('SPT-01'!$O$34:$O37))/2,0)*0.9 -> 2280.6 | R5: =ROUNDDOWN(('SPT-01'!$M37*'TABELA AUXILIAR'!$J$5+SUM('SPT-01'!$P$34:$P37))/2,0)*0.9 -> 2850.3 | T5: 16.2 | U5: =ROUNDDOWN(('SPT-01'!$M29*'TABELA AUXILIAR'!$J$3+SUM('SPT-01'!$N$26:$N29))/2,0)*0.9 -> 1678.5 | V5: =ROUNDDOWN(('SPT-01'!$M29*'TABELA AUXILIAR'!$J$4+SUM('SPT-01'!$O$26:$O29))/2,0)*0.9 -> 1907.1 | W5: =ROUNDDOWN(('SPT-01'!$M29*'TABELA AUXILIAR'!$J$5+SUM('SPT-01'!$P$26:$P29))/2,0)*0.9 -> 2417.4 | Y5: 11.4 | Z5: =ROUNDDOWN(('SPT-01'!$M21*'TABELA AUXILIAR'!$J$3+SUM('SPT-01'!$N$18:$N21))/2,0)*0.9 -> 1359.9 | AA5: =ROUNDDOWN(('SPT-01'!$M21*'TABELA AUXILIAR'!$J$4+SUM('SPT-01'!$O$18:$O21))/2,0)*0.9 -> 1548 | AB5: =ROUNDDOWN(('SPT-01'!$M21*'TABELA AUXILIAR'!$J$5+SUM('SPT-01'!$P$18:$P21))/2,0)*0.9 -> 1967.4 | AD5: 6.6 | AE5: =ROUNDDOWN(('SPT-01'!$M13*'TABELA AUXILIAR'!$J$3+SUM('SPT-01'!$N$10:$N13))/2,0)*0.9 -> 1017.9 | AF5: =ROUNDDOWN(('SPT-01'!$M13*'TABELA AUXILIAR'!$J$4+SUM('SPT-01'!$O$10:$O13))/2,0)*0.9 -> 1160.1 | AG5: =ROUNDDOWN(('SPT-01'!$M13*'TABELA AUXILIAR'!$J$5+SUM('SPT-01'!$P$10:$P13))/2,0)*0.9 -> 1478.7
A6: D | B6: 9.35 | C6: {=_xlfn.XLOOKUP(TRUE, Z$2:Z$182 > $E$1, $Y$2:$Y$182, "N/A", 0, 1)} -> 57 | D6: {=_xlfn.XLOOKUP(TRUE, AA$2:AA$182 > $E$1, $Y$2:$Y$182, "N/A", 0, 1)} -> 53.4 | E6: {=_xlfn.XLOOKUP(TRUE, AB$2:AB$182 > $E$1, $Y$2:$Y$182, "N/A", 0, 1)} -> 48 | F6: =C6-$B6 -> 47.65 | G6: =D6-$B6 -> 44.05 | H6: =E6-$B6 -> 38.65 | J6: 23.4 | K6: =ROUNDDOWN(('SPT-01'!$M41*'TABELA AUXILIAR'!$J$3+SUM('SPT-01'!$N$37:$N41))/2,0)*0.9 -> 2499.3 | L6: =ROUNDDOWN(('SPT-01'!$M41*'TABELA AUXILIAR'!$J$4+SUM('SPT-01'!$O$37:$O41))/2,0)*0.9 -> 2812.5 | M6: =ROUNDDOWN(('SPT-01'!$M41*'TABELA AUXILIAR'!$J$5+SUM('SPT-01'!$P$37:$P41))/2,0)*0.9 -> 3501 | O6: 21.6 | P6: =ROUNDDOWN(('SPT-01'!$M38*'TABELA AUXILIAR'!$J$3+SUM('SPT-01'!$N$34:$N38))/2,0)*0.9 -> 2406.6 | Q6: =ROUNDDOWN(('SPT-01'!$M38*'TABELA AUXILIAR'!$J$4+SUM('SPT-01'!$O$34:$O38))/2,0)*0.9 -> 2709 | R6: =ROUNDDOWN(('SPT-01'!$M38*'TABELA AUXILIAR'!$J$5+SUM('SPT-01'!$P$34:$P38))/2,0)*0.9 -> 3371.4 | T6: 16.8 | U6: =ROUNDDOWN(('SPT-01'!$M30*'TABELA AUXILIAR'!$J$3+SUM('SPT-01'!$N$26:$N30))/2,0)*0.9 -> 1926 | V6: =ROUNDDOWN(('SPT-01'!$M30*'TABELA AUXILIAR'!$J$4+SUM('SPT-01'!$O$26:$O30))/2,0)*0.9 -> 2176.2 | W6: =ROUNDDOWN(('SPT-01'!$M30*'TABELA AUXILIAR'!$J$5+SUM('SPT-01'!$P$26:$P30))/2,0)*0.9 -> 2731.5 | Y6: 12 | Z6: =ROUNDDOWN(('SPT-01'!$M22*'TABELA AUXILIAR'!$J$3+SUM('SPT-01'!$N$18:$N22))/2,0)*0.9 -> 1539.9 | AA6: =ROUNDDOWN(('SPT-01'!$M22*'TABELA AUXILIAR'!$J$4+SUM('SPT-01'!$O$18:$O22))/2,0)*0.9 -> 1745.1 | AB6: =ROUNDDOWN(('SPT-01'!$M22*'TABELA AUXILIAR'!$J$5+SUM('SPT-01'!$P$18:$P22))/2,0)*0.9 -> 2199.6 | AD6: 7.2 | AE6: =ROUNDDOWN(('SPT-01'!$M14*'TABELA AUXILIAR'!$J$3+SUM('SPT-01'!$N$10:$N14))/2,0)*0.9 -> 1059.3 | AF6: =ROUNDDOWN(('SPT-01'!$M14*'TABELA AUXILIAR'!$J$4+SUM('SPT-01'!$O$10:$O14))/2,0)*0.9 -> 1199.7 | AG6: =ROUNDDOWN(('SPT-01'!$M14*'TABELA AUXILIAR'!$J$5+SUM('SPT-01'!$P$10:$P14))/2,0)*0.9 -> 1511.1
A7: E | B7: 4.6 | C7: {=_xlfn.XLOOKUP(TRUE, AE$2:AE$182 > $E$1, $AD$2:$AD$182, "N/A", 0, 1)} -> 55.8 | D7: {=_xlfn.XLOOKUP(TRUE, AF$2:AF$182 > $E$1, $AD$2:$AD$182, "N/A", 0, 1)} -> 52.2 | E7: {=_xlfn.XLOOKUP(TRUE, AG$2:AG$182 > $E$1, $AD$2:$AD$182, "N/A", 0, 1)} -> 46.2 | F7: =C7-$B7 -> 51.2 | G7: =D7-$B7 -> 47.6 | H7: =E7-$B7 -> 41.6 | J7: 24 | K7: =ROUNDDOWN(('SPT-01'!$M42*'TABELA AUXILIAR'!$J$3+SUM('SPT-01'!$N$37:$N42))/2,0)*0.9 -> 2223 | L7: =ROUNDDOWN(('SPT-01'!$M42*'TABELA AUXILIAR'!$J$4+SUM('SPT-01'!$O$37:$O42))/2,0)*0.9 -> 2474.1 | M7: =ROUNDDOWN(('SPT-01'!$M42*'TABELA AUXILIAR'!$J$5+SUM('SPT-01'!$P$37:$P42))/2,0)*0.9 -> 3013.2 | O7: 22.2 | P7: =ROUNDDOWN(('SPT-01'!$M39*'TABELA AUXILIAR'!$J$3+SUM('SPT-01'!$N$34:$N39))/2,0)*0.9 -> 2682.9 | Q7: =ROUNDDOWN(('SPT-01'!$M39*'TABELA AUXILIAR'!$J$4+SUM('SPT-01'!$O$34:$O39))/2,0)*0.9 -> 3009.6 | R7: =ROUNDDOWN(('SPT-01'!$M39*'TABELA AUXILIAR'!$J$5+SUM('SPT-01'!$P$34:$P39))/2,0)*0.9 -> 3721.5 | T7: 17.4 | U7: =ROUNDDOWN(('SPT-01'!$M31*'TABELA AUXILIAR'!$J$3+SUM('SPT-01'!$N$26:$N31))/2,0)*0.9 -> 2176.2 | V7: =ROUNDDOWN(('SPT-01'!$M31*'TABELA AUXILIAR'!$J$4+SUM('SPT-01'!$O$26:$O31))/2,0)*0.9 -> 2449.8 | W7: =ROUNDDOWN(('SPT-01'!$M31*'TABELA AUXILIAR'!$J$5+SUM('SPT-01'!$P$26:$P31))/2,0)*0.9 -> 3050.1 | Y7: 12.6 | Z7: =ROUNDDOWN(('SPT-01'!$M23*'TABELA AUXILIAR'!$J$3+SUM('SPT-01'!$N$18:$N23))/2,0)*0.9 -> 1724.4 | AA7: =ROUNDDOWN(('SPT-01'!$M23*'TABELA AUXILIAR'!$J$4+SUM('SPT-01'!$O$18:$O23))/2,0)*0.9 -> 1946.7 | AB7: =ROUNDDOWN(('SPT-01'!$M23*'TABELA AUXILIAR'!$J$5+SUM('SPT-01'!$P$18:$P23))/2,0)*0.9 -> 2437.2 | AD7: 7.8 | AE7: =ROUNDDOWN(('SPT-01'!$M15*'TABELA AUXILIAR'!$J$3+SUM('SPT-01'!$N$10:$N15))/2,0)*0.9 -> 1301.4 | AF7: =ROUNDDOWN(('SPT-01'!$M15*'TABELA AUXILIAR'!$J$4+SUM('SPT-01'!$O$10:$O15))/2,0)*0.9 -> 1472.4 | AG7: =ROUNDDOWN(('SPT-01'!$M15*'TABELA AUXILIAR'!$J$5+SUM('SPT-01'!$P$10:$P15))/2,0)*0.9 -> 1850.4
J8: 24.6 | K8: =ROUNDDOWN(('SPT-01'!$M43*'TABELA AUXILIAR'!$J$3+SUM('SPT-01'!$N$37:$N43))/2,0)*0.9 -> 2988.9 | L8: =ROUNDDOWN(('SPT-01'!$M43*'TABELA AUXILIAR'!$J$4+SUM('SPT-01'!$O$37:$O43))/2,0)*0.9 -> 3346.2 | M8: =ROUNDDOWN(('SPT-01'!$M43*'TABELA AUXILIAR'!$J$5+SUM('SPT-01'!$P$37:$P43))/2,0)*0.9 -> 4122.9 | O8: 22.8 | P8: =ROUNDDOWN(('SPT-01'!$M40*'TABELA AUXILIAR'!$J$3+SUM('SPT-01'!$N$34:$N40))/2,0)*0.9 -> 2961.9 | Q8: =ROUNDDOWN(('SPT-01'!$M40*'TABELA AUXILIAR'!$J$4+SUM('SPT-01'!$O$34:$O40))/2,0)*0.9 -> 3312.9 | R8: =ROUNDDOWN(('SPT-01'!$M40*'TABELA AUXILIAR'!$J$5+SUM('SPT-01'!$P$34:$P40))/2,0)*0.9 -> 4075.2 | T8: 18 | U8: =ROUNDDOWN(('SPT-01'!$M32*'TABELA AUXILIAR'!$J$3+SUM('SPT-01'!$N$26:$N32))/2,0)*0.9 -> 2430 | V8: =ROUNDDOWN(('SPT-01'!$M32*'TABELA AUXILIAR'!$J$4+SUM('SPT-01'!$O$26:$O32))/2,0)*0.9 -> 2726.1 | W8: =ROUNDDOWN(('SPT-01'!$M32*'TABELA AUXILIAR'!$J$5+SUM('SPT-01'!$P$26:$P32))/2,0)*0.9 -> 3373.2 | Y8: 13.2 | Z8: =ROUNDDOWN(('SPT-01'!$M24*'TABELA AUXILIAR'!$J$3+SUM('SPT-01'!$N$18:$N24))/2,0)*0.9 -> 1752.3 | AA8: =ROUNDDOWN(('SPT-01'!$M24*'TABELA AUXILIAR'!$J$4+SUM('SPT-01'!$O$18:$O24))/2,0)*0.9 -> 1967.4 | AB8: =ROUNDDOWN(('SPT-01'!$M24*'TABELA AUXILIAR'!$J$5+SUM('SPT-01'!$P$18:$P24))/2,0)*0.9 -> 2437.2 | AD8: 8.4 | AE8: =ROUNDDOWN(('SPT-01'!$M16*'TABELA AUXILIAR'!$J$3+SUM('SPT-01'!$N$10:$N16))/2,0)*0.9 -> 1103.4 | AF8: =ROUNDDOWN(('SPT-01'!$M16*'TABELA AUXILIAR'!$J$4+SUM('SPT-01'!$O$10:$O16))/2,0)*0.9 -> 1233.9 | AG8: =ROUNDDOWN(('SPT-01'!$M16*'TABELA AUXILIAR'!$J$5+SUM('SPT-01'!$P$10:$P16))/2,0)*0.9 -> 1516.5
J9: 25.2 | K9: =ROUNDDOWN(('SPT-01'!$M44*'TABELA AUXILIAR'!$J$3+SUM('SPT-01'!$N$37:$N44))/2,0)*0.9 -> 3279.6 | L9: =ROUNDDOWN(('SPT-01'!$M44*'TABELA AUXILIAR'!$J$4+SUM('SPT-01'!$O$37:$O44))/2,0)*0.9 -> 3663 | M9: =ROUNDDOWN(('SPT-01'!$M44*'TABELA AUXILIAR'!$J$5+SUM('SPT-01'!$P$37:$P44))/2,0)*0.9 -> 4491 | O9: 23.4 | P9: =ROUNDDOWN(('SPT-01'!$M41*'TABELA AUXILIAR'!$J$3+SUM('SPT-01'!$N$34:$N41))/2,0)*0.9 -> 3243.6 | Q9: =ROUNDDOWN(('SPT-01'!$M41*'TABELA AUXILIAR'!$J$4+SUM('SPT-01'!$O$34:$O41))/2,0)*0.9 -> 3620.7 | R9: =ROUNDDOWN(('SPT-01'!$M41*'TABELA AUXILIAR'!$J$5+SUM('SPT-01'!$P$34:$P41))/2,0)*0.9 -> 4433.4 | T9: 18.6 | U9: =ROUNDDOWN(('SPT-01'!$M33*'TABELA AUXILIAR'!$J$3+SUM('SPT-01'!$N$26:$N33))/2,0)*0.9 -> 2687.4 | V9: =ROUNDDOWN(('SPT-01'!$M33*'TABELA AUXILIAR'!$J$4+SUM('SPT-01'!$O$26:$O33))/2,0)*0.9 -> 3006.9 | W9: =ROUNDDOWN(('SPT-01'!$M33*'TABELA AUXILIAR'!$J$5+SUM('SPT-01'!$P$26:$P33))/2,0)*0.9 -> 3699.9 | Y9: 13.8 | Z9: =ROUNDDOWN(('SPT-01'!$M25*'TABELA AUXILIAR'!$J$3+SUM('SPT-01'!$N$18:$N25))/2,0)*0.9 -> 2080.8 | AA9: =ROUNDDOWN(('SPT-01'!$M25*'TABELA AUXILIAR'!$J$4+SUM('SPT-01'!$O$18:$O25))/2,0)*0.9 -> 2337.3 | AB9: =ROUNDDOWN(('SPT-01'!$M25*'TABELA AUXILIAR'!$J$5+SUM('SPT-01'!$P$18:$P25))/2,0)*0.9 -> 2896.2 | AD9: 9 | AE9: =ROUNDDOWN(('SPT-01'!$M17*'TABELA AUXILIAR'!$J$3+SUM('SPT-01'!$N$10:$N17))/2,0)*0.9 -> 1152 | AF9: =ROUNDDOWN(('SPT-01'!$M17*'TABELA AUXILIAR'!$J$4+SUM('SPT-01'!$O$10:$O17))/2,0)*0.9 -> 1284.3 | AG9: =ROUNDDOWN(('SPT-01'!$M17*'TABELA AUXILIAR'!$J$5+SUM('SPT-01'!$P$10:$P17))/2,0)*0.9 -> 1568.7
J10: 25.8 | K10: =ROUNDDOWN(('SPT-01'!$M45*'TABELA AUXILIAR'!$J$3+SUM('SPT-01'!$N$37:$N45))/2,0)*0.9 -> 3573 | L10: =ROUNDDOWN(('SPT-01'!$M45*'TABELA AUXILIAR'!$J$4+SUM('SPT-01'!$O$37:$O45))/2,0)*0.9 -> 3982.5 | M10: =ROUNDDOWN(('SPT-01'!$M45*'TABELA AUXILIAR'!$J$5+SUM('SPT-01'!$P$37:$P45))/2,0)*0.9 -> 4863.6 | O10: 24 | P10: =ROUNDDOWN(('SPT-01'!$M42*'TABELA AUXILIAR'!$J$3+SUM('SPT-01'!$N$34:$N42))/2,0)*0.9 -> 2966.4 | Q10: =ROUNDDOWN(('SPT-01'!$M42*'TABELA AUXILIAR'!$J$4+SUM('SPT-01'!$O$34:$O42))/2,0)*0.9 -> 3281.4 | R10: =ROUNDDOWN(('SPT-01'!$M42*'TABELA AUXILIAR'!$J$5+SUM('SPT-01'!$P$34:$P42))/2,0)*0.9 -> 3945.6 | T10: 19.2 | U10: =ROUNDDOWN(('SPT-01'!$M34*'TABELA AUXILIAR'!$J$3+SUM('SPT-01'!$N$26:$N34))/2,0)*0.9 -> 2947.5 | V10: =ROUNDDOWN(('SPT-01'!$M34*'TABELA AUXILIAR'!$J$4+SUM('SPT-01'!$O$26:$O34))/2,0)*0.9 -> 3290.4 | W10: =ROUNDDOWN(('SPT-01'!$M34*'TABELA AUXILIAR'!$J$5+SUM('SPT-01'!$P$26:$P34))/2,0)*0.9 -> 4030.2 | Y10: 14.4 | Z10: =ROUNDDOWN(('SPT-01'!$M26*'TABELA AUXILIAR'!$J$3+SUM('SPT-01'!$N$18:$N26))/2,0)*0.9 -> 2276.1 | AA10: =ROUNDDOWN(('SPT-01'!$M26*'TABELA AUXILIAR'!$J$4+SUM('SPT-01'!$O$18:$O26))/2,0)*0.9 -> 2550.6 | AB10: =ROUNDDOWN(('SPT-01'!$M26*'TABELA AUXILIAR'!$J$5+SUM('SPT-01'!$P$18:$P26))/2,0)*0.9 -> 3147.3 | AD10: 9.6 | AE10: =ROUNDDOWN(('SPT-01'!$M18*'TABELA AUXILIAR'!$J$3+SUM('SPT-01'!$N$10:$N18))/2,0)*0.9 -> 1505.7 | AF10: =ROUNDDOWN(('SPT-01'!$M18*'TABELA AUXILIAR'!$J$4+SUM('SPT-01'!$O$10:$O18))/2,0)*0.9 -> 1687.5 | AG10: =ROUNDDOWN(('SPT-01'!$M18*'TABELA AUXILIAR'!$J$5+SUM('SPT-01'!$P$10:$P18))/2,0)*0.9 -> 2084.4
J11: 26.4 | K11: =ROUNDDOWN(('SPT-01'!$M46*'TABELA AUXILIAR'!$J$3+SUM('SPT-01'!$N$37:$N46))/2,0)*0.9 -> 3673.8 | L11: =ROUNDDOWN(('SPT-01'!$M46*'TABELA AUXILIAR'!$J$4+SUM('SPT-01'!$O$37:$O46))/2,0)*0.9 -> 4079.7 | M11: =ROUNDDOWN(('SPT-01'!$M46*'TABELA AUXILIAR'!$J$5+SUM('SPT-01'!$P$37:$P46))/2,0)*0.9 -> 4942.8 | O11: 24.6 | P11: =ROUNDDOWN(('SPT-01'!$M43*'TABELA AUXILIAR'!$J$3+SUM('SPT-01'!$N$34:$N43))/2,0)*0.9 -> 3732.3 | Q11: =ROUNDDOWN(('SPT-01'!$M43*'TABELA AUXILIAR'!$J$4+SUM('SPT-01'!$O$34:$O43))/2,0)*0.9 -> 4153.5 | R11: =ROUNDDOWN(('SPT-01'!$M43*'TABELA AUXILIAR'!$J$5+SUM('SPT-01'!$P$34:$P43))/2,0)*0.9 -> 5054.4 | T11: 19.8 | U11: =ROUNDDOWN(('SPT-01'!$M35*'TABELA AUXILIAR'!$J$3+SUM('SPT-01'!$N$26:$N35))/2,0)*0.9 -> 3210.3 | V11: =ROUNDDOWN(('SPT-01'!$M35*'TABELA AUXILIAR'!$J$4+SUM('SPT-01'!$O$26:$O35))/2,0)*0.9 -> 3577.5 | W11: =ROUNDDOWN(('SPT-01'!$M35*'TABELA AUXILIAR'!$J$5+SUM('SPT-01'!$P$26:$P35))/2,0)*0.9 -> 4365 | Y11: 15 | Z11: =ROUNDDOWN(('SPT-01'!$M27*'TABELA AUXILIAR'!$J$3+SUM('SPT-01'!$N$18:$N27))/2,0)*0.9 -> 2107.8 | AA11: =ROUNDDOWN(('SPT-01'!$M27*'TABELA AUXILIAR'!$J$4+SUM('SPT-01'!$O$18:$O27))/2,0)*0.9 -> 2342.7 | AB11: =ROUNDDOWN(('SPT-01'!$M27*'TABELA AUXILIAR'!$J$5+SUM('SPT-01'!$P$18:$P27))/2,0)*0.9 -> 2846.7 | AD11: 10.2 | AE11: =ROUNDDOWN(('SPT-01'!$M19*'TABELA AUXILIAR'!$J$3+SUM('SPT-01'!$N$10:$N19))/2,0)*0.9 -> 1817.1 | AF11: =ROUNDDOWN(('SPT-01'!$M19*'TABELA AUXILIAR'!$J$4+SUM('SPT-01'!$O$10:$O19))/2,0)*0.9 -> 2039.4 | AG11: =ROUNDDOWN(('SPT-01'!$M19*'TABELA AUXILIAR'!$J$5+SUM('SPT-01'!$P$10:$P19))/2,0)*0.9 -> 2525.4
J12: 27 | K12: =ROUNDDOWN(('SPT-01'!$M47*'TABELA AUXILIAR'!$J$3+SUM('SPT-01'!$N$37:$N47))/2,0)*0.9 -> 4140.9 | L12: =ROUNDDOWN(('SPT-01'!$M47*'TABELA AUXILIAR'!$J$4+SUM('SPT-01'!$O$37:$O47))/2,0)*0.9 -> 4601.7 | M12: =ROUNDDOWN(('SPT-01'!$M47*'TABELA AUXILIAR'!$J$5+SUM('SPT-01'!$P$37:$P47))/2,0)*0.9 -> 5583.6 | O12: 25.2 | P12: =ROUNDDOWN(('SPT-01'!$M44*'TABELA AUXILIAR'!$J$3+SUM('SPT-01'!$N$34:$N44))/2,0)*0.9 -> 4023.9 | Q12: =ROUNDDOWN(('SPT-01'!$M44*'TABELA AUXILIAR'!$J$4+SUM('SPT-01'!$O$34:$O44))/2,0)*0.9 -> 4470.3 | R12: =ROUNDDOWN(('SPT-01'!$M44*'TABELA AUXILIAR'!$J$5+SUM('SPT-01'!$P$34:$P44))/2,0)*0.9 -> 5423.4 | T12: 20.4 | U12: =ROUNDDOWN(('SPT-01'!$M36*'TABELA AUXILIAR'!$J$3+SUM('SPT-01'!$N$26:$N36))/2,0)*0.9 -> 3476.7 | V12: =ROUNDDOWN(('SPT-01'!$M36*'TABELA AUXILIAR'!$J$4+SUM('SPT-01'!$O$26:$O36))/2,0)*0.9 -> 3868.2 | W12: =ROUNDDOWN(('SPT-01'!$M36*'TABELA AUXILIAR'!$J$5+SUM('SPT-01'!$P$26:$P36))/2,0)*0.9 -> 4703.4 | Y12: 15.6 | Z12: =ROUNDDOWN(('SPT-01'!$M28*'TABELA AUXILIAR'!$J$3+SUM('SPT-01'!$N$18:$N28))/2,0)*0.9 -> 2187 | AA12: =ROUNDDOWN(('SPT-01'!$M28*'TABELA AUXILIAR'!$J$4+SUM('SPT-01'!$O$18:$O28))/2,0)*0.9 -> 2426.4 | AB12: =ROUNDDOWN(('SPT-01'!$M28*'TABELA AUXILIAR'!$J$5+SUM('SPT-01'!$P$18:$P28))/2,0)*0.9 -> 2934 | AD12: 10.8 | AE12: =ROUNDDOWN(('SPT-01'!$M20*'TABELA AUXILIAR'!$J$3+SUM('SPT-01'!$N$10:$N20))/2,0)*0.9 -> 1516.5 | AF12: =ROUNDDOWN(('SPT-01'!$M20*'TABELA AUXILIAR'!$J$4+SUM('SPT-01'!$O$10:$O20))/2,0)*0.9 -> 1682.1 | AG12: =ROUNDDOWN(('SPT-01'!$M20*'TABELA AUXILIAR'!$J$5+SUM('SPT-01'!$P$10:$P20))/2,0)*0.9 -> 2033.1
J13: 27.6 | K13: =ROUNDDOWN(('SPT-01'!$M48*'TABELA AUXILIAR'!$J$3+SUM('SPT-01'!$N$37:$N48))/2,0)*0.9 -> 4443.3 | L13: =ROUNDDOWN(('SPT-01'!$M48*'TABELA AUXILIAR'!$J$4+SUM('SPT-01'!$O$37:$O48))/2,0)*0.9 -> 4931.1 | M13: =ROUNDDOWN(('SPT-01'!$M48*'TABELA AUXILIAR'!$J$5+SUM('SPT-01'!$P$37:$P48))/2,0)*0.9 -> 5966.1 | O13: 25.8 | P13: =ROUNDDOWN(('SPT-01'!$M45*'TABELA AUXILIAR'!$J$3+SUM('SPT-01'!$N$34:$N45))/2,0)*0.9 -> 4317.3 | Q13: =ROUNDDOWN(('SPT-01'!$M45*'TABELA AUXILIAR'!$J$4+SUM('SPT-01'!$O$34:$O45))/2,0)*0.9 -> 4790.7 | R13: =ROUNDDOWN(('SPT-01'!$M45*'TABELA AUXILIAR'!$J$5+SUM('SPT-01'!$P$34:$P45))/2,0)*0.9 -> 5796 | T13: 21 | U13: =ROUNDDOWN(('SPT-01'!$M37*'TABELA AUXILIAR'!$J$3+SUM('SPT-01'!$N$26:$N37))/2,0)*0.9 -> 3615.3 | V13: =ROUNDDOWN(('SPT-01'!$M37*'TABELA AUXILIAR'!$J$4+SUM('SPT-01'!$O$26:$O37))/2,0)*0.9 -> 4009.5 | W13: =ROUNDDOWN(('SPT-01'!$M37*'TABELA AUXILIAR'!$J$5+SUM('SPT-01'!$P$26:$P37))/2,0)*0.9 -> 4846.5 | Y13: 16.2 | Z13: =ROUNDDOWN(('SPT-01'!$M29*'TABELA AUXILIAR'!$J$3+SUM('SPT-01'!$N$18:$N29))/2,0)*0.9 -> 2808.9 | AA13: =ROUNDDOWN(('SPT-01'!$M29*'TABELA AUXILIAR'!$J$4+SUM('SPT-01'!$O$18:$O29))/2,0)*0.9 -> 3133.8 | AB13: =ROUNDDOWN(('SPT-01'!$M29*'TABELA AUXILIAR'!$J$5+SUM('SPT-01'!$P$18:$P29))/2,0)*0.9 -> 3833.1 | AD13: 11.4 | AE13: =ROUNDDOWN(('SPT-01'!$M21*'TABELA AUXILIAR'!$J$3+SUM('SPT-01'!$N$10:$N21))/2,0)*0.9 -> 2097.9 | AF13: =ROUNDDOWN(('SPT-01'!$M21*'TABELA AUXILIAR'!$J$4+SUM('SPT-01'!$O$10:$O21))/2,0)*0.9 -> 2348.1 | AG13: =ROUNDDOWN(('SPT-01'!$M21*'TABELA AUXILIAR'!$J$5+SUM('SPT-01'!$P$10:$P21))/2,0)*0.9 -> 2891.7
J14: 28.2 | K14: =ROUNDDOWN(('SPT-01'!$M49*'TABELA AUXILIAR'!$J$3+SUM('SPT-01'!$N$37:$N49))/2,0)*0.9 -> 4704.3 | L14: =ROUNDDOWN(('SPT-01'!$M49*'TABELA AUXILIAR'!$J$4+SUM('SPT-01'!$O$37:$O49))/2,0)*0.9 -> 5215.5 | M14: =ROUNDDOWN(('SPT-01'!$M49*'TABELA AUXILIAR'!$J$5+SUM('SPT-01'!$P$37:$P49))/2,0)*0.9 -> 6298.2 | O14: 26.4 | P14: =ROUNDDOWN(('SPT-01'!$M46*'TABELA AUXILIAR'!$J$3+SUM('SPT-01'!$N$34:$N46))/2,0)*0.9 -> 4418.1 | Q14: =ROUNDDOWN(('SPT-01'!$M46*'TABELA AUXILIAR'!$J$4+SUM('SPT-01'!$O$34:$O46))/2,0)*0.9 -> 4887 | R14: =ROUNDDOWN(('SPT-01'!$M46*'TABELA AUXILIAR'!$J$5+SUM('SPT-01'!$P$34:$P46))/2,0)*0.9 -> 5875.2 | T14: 21.6 | U14: =ROUNDDOWN(('SPT-01'!$M38*'TABELA AUXILIAR'!$J$3+SUM('SPT-01'!$N$26:$N38))/2,0)*0.9 -> 4000.5 | V14: =ROUNDDOWN(('SPT-01'!$M38*'TABELA AUXILIAR'!$J$4+SUM('SPT-01'!$O$26:$O38))/2,0)*0.9 -> 4437.9 | W14: =ROUNDDOWN(('SPT-01'!$M38*'TABELA AUXILIAR'!$J$5+SUM('SPT-01'!$P$26:$P38))/2,0)*0.9 -> 5367.6 | Y14: 16.8 | Z14: =ROUNDDOWN(('SPT-01'!$M30*'TABELA AUXILIAR'!$J$3+SUM('SPT-01'!$N$18:$N30))/2,0)*0.9 -> 3056.4 | AA14: =ROUNDDOWN(('SPT-01'!$M30*'TABELA AUXILIAR'!$J$4+SUM('SPT-01'!$O$18:$O30))/2,0)*0.9 -> 3402.9 | AB14: =ROUNDDOWN(('SPT-01'!$M30*'TABELA AUXILIAR'!$J$5+SUM('SPT-01'!$P$18:$P30))/2,0)*0.9 -> 4147.2 | AD14: 12 | AE14: =ROUNDDOWN(('SPT-01'!$M22*'TABELA AUXILIAR'!$J$3+SUM('SPT-01'!$N$10:$N22))/2,0)*0.9 -> 2277.9 | AF14: =ROUNDDOWN(('SPT-01'!$M22*'TABELA AUXILIAR'!$J$4+SUM('SPT-01'!$O$10:$O22))/2,0)*0.9 -> 2545.2 | AG14: =ROUNDDOWN(('SPT-01'!$M22*'TABELA AUXILIAR'!$J$5+SUM('SPT-01'!$P$10:$P22))/2,0)*0.9 -> 3123.9
J15: 28.8 | K15: =ROUNDDOWN(('SPT-01'!$M50*'TABELA AUXILIAR'!$J$3+SUM('SPT-01'!$N$37:$N50))/2,0)*0.9 -> 4970.7 | L15: =ROUNDDOWN(('SPT-01'!$M50*'TABELA AUXILIAR'!$J$4+SUM('SPT-01'!$O$37:$O50))/2,0)*0.9 -> 5505.3 | M15: =ROUNDDOWN(('SPT-01'!$M50*'TABELA AUXILIAR'!$J$5+SUM('SPT-01'!$P$37:$P50))/2,0)*0.9 -> 6636.6 | O15: 27 | P15: =ROUNDDOWN(('SPT-01'!$M47*'TABELA AUXILIAR'!$J$3+SUM('SPT-01'!$N$34:$N47))/2,0)*0.9 -> 4885.2 | Q15: =ROUNDDOWN(('SPT-01'!$M47*'TABELA AUXILIAR'!$J$4+SUM('SPT-01'!$O$34:$O47))/2,0)*0.9 -> 5409 | R15: =ROUNDDOWN(('SPT-01'!$M47*'TABELA AUXILIAR'!$J$5+SUM('SPT-01'!$P$34:$P47))/2,0)*0.9 -> 6516 | T15: 22.2 | U15: =ROUNDDOWN(('SPT-01'!$M39*'TABELA AUXILIAR'!$J$3+SUM('SPT-01'!$N$26:$N39))/2,0)*0.9 -> 4275.9 | V15: =ROUNDDOWN(('SPT-01'!$M39*'TABELA AUXILIAR'!$J$4+SUM('SPT-01'!$O$26:$O39))/2,0)*0.9 -> 4738.5 | W15: =ROUNDDOWN(('SPT-01'!$M39*'TABELA AUXILIAR'!$J$5+SUM('SPT-01'!$P$26:$P39))/2,0)*0.9 -> 5717.7 | Y15: 17.4 | Z15: =ROUNDDOWN(('SPT-01'!$M31*'TABELA AUXILIAR'!$J$3+SUM('SPT-01'!$N$18:$N31))/2,0)*0.9 -> 3306.6 | AA15: =ROUNDDOWN(('SPT-01'!$M31*'TABELA AUXILIAR'!$J$4+SUM('SPT-01'!$O$18:$O31))/2,0)*0.9 -> 3676.5 | AB15: =ROUNDDOWN(('SPT-01'!$M31*'TABELA AUXILIAR'!$J$5+SUM('SPT-01'!$P$18:$P31))/2,0)*0.9 -> 4465.8 | AD15: 12.6 | AE15: =ROUNDDOWN(('SPT-01'!$M23*'TABELA AUXILIAR'!$J$3+SUM('SPT-01'!$N$10:$N23))/2,0)*0.9 -> 2462.4 | AF15: =ROUNDDOWN(('SPT-01'!$M23*'TABELA AUXILIAR'!$J$4+SUM('SPT-01'!$O$10:$O23))/2,0)*0.9 -> 2746.8 | AG15: =ROUNDDOWN(('SPT-01'!$M23*'TABELA AUXILIAR'!$J$5+SUM('SPT-01'!$P$10:$P23))/2,0)*0.9 -> 3361.5
J16: 29.4 | K16: =ROUNDDOWN(('SPT-01'!$M51*'TABELA AUXILIAR'!$J$3+SUM('SPT-01'!$N$37:$N51))/2,0)*0.9 -> 5239.8 | L16: =ROUNDDOWN(('SPT-01'!$M51*'TABELA AUXILIAR'!$J$4+SUM('SPT-01'!$O$37:$O51))/2,0)*0.9 -> 5798.7 | M16: =ROUNDDOWN(('SPT-01'!$M51*'TABELA AUXILIAR'!$J$5+SUM('SPT-01'!$P$37:$P51))/2,0)*0.9 -> 6978.6 | O16: 27.6 | P16: =ROUNDDOWN(('SPT-01'!$M48*'TABELA AUXILIAR'!$J$3+SUM('SPT-01'!$N$34:$N48))/2,0)*0.9 -> 5187.6 | Q16: =ROUNDDOWN(('SPT-01'!$M48*'TABELA AUXILIAR'!$J$4+SUM('SPT-01'!$O$34:$O48))/2,0)*0.9 -> 5738.4 | R16: =ROUNDDOWN(('SPT-01'!$M48*'TABELA AUXILIAR'!$J$5+SUM('SPT-01'!$P$34:$P48))/2,0)*0.9 -> 6898.5 | T16: 22.8 | U16: =ROUNDDOWN(('SPT-01'!$M40*'TABELA AUXILIAR'!$J$3+SUM('SPT-01'!$N$26:$N40))/2,0)*0.9 -> 4554.9 | V16: =ROUNDDOWN(('SPT-01'!$M40*'TABELA AUXILIAR'!$J$4+SUM('SPT-01'!$O$26:$O40))/2,0)*0.9 -> 5041.8 | W16: =ROUNDDOWN(('SPT-01'!$M40*'TABELA AUXILIAR'!$J$5+SUM('SPT-01'!$P$26:$P40))/2,0)*0.9 -> 6071.4 | Y16: 18 | Z16: =ROUNDDOWN(('SPT-01'!$M32*'TABELA AUXILIAR'!$J$3+SUM('SPT-01'!$N$18:$N32))/2,0)*0.9 -> 3560.4 | AA16: =ROUNDDOWN(('SPT-01'!$M32*'TABELA AUXILIAR'!$J$4+SUM('SPT-01'!$O$18:$O32))/2,0)*0.9 -> 3952.8 | AB16: =ROUNDDOWN(('SPT-01'!$M32*'TABELA AUXILIAR'!$J$5+SUM('SPT-01'!$P$18:$P32))/2,0)*0.9 -> 4788.9 | AD16: 13.2 | AE16: =ROUNDDOWN(('SPT-01'!$M24*'TABELA AUXILIAR'!$J$3+SUM('SPT-01'!$N$10:$N24))/2,0)*0.9 -> 2490.3 | AF16: =ROUNDDOWN(('SPT-01'!$M24*'TABELA AUXILIAR'!$J$4+SUM('SPT-01'!$O$10:$O24))/2,0)*0.9 -> 2768.4 | AG16: =ROUNDDOWN(('SPT-01'!$M24*'TABELA AUXILIAR'!$J$5+SUM('SPT-01'!$P$10:$P24))/2,0)*0.9 -> 3361.5
J17: 30 | K17: =ROUNDDOWN(('SPT-01'!$M52*'TABELA AUXILIAR'!$J$3+SUM('SPT-01'!$N$37:$N52))/2,0)*0.9 -> 5512.5 | L17: =ROUNDDOWN(('SPT-01'!$M52*'TABELA AUXILIAR'!$J$4+SUM('SPT-01'!$O$37:$O52))/2,0)*0.9 -> 6095.7 | M17: =ROUNDDOWN(('SPT-01'!$M52*'TABELA AUXILIAR'!$J$5+SUM('SPT-01'!$P$37:$P52))/2,0)*0.9 -> 7325.1 | O17: 28.2 | P17: =ROUNDDOWN(('SPT-01'!$M49*'TABELA AUXILIAR'!$J$3+SUM('SPT-01'!$N$34:$N49))/2,0)*0.9 -> 5448.6 | Q17: =ROUNDDOWN(('SPT-01'!$M49*'TABELA AUXILIAR'!$J$4+SUM('SPT-01'!$O$34:$O49))/2,0)*0.9 -> 6022.8 | R17: =ROUNDDOWN(('SPT-01'!$M49*'TABELA AUXILIAR'!$J$5+SUM('SPT-01'!$P$34:$P49))/2,0)*0.9 -> 7230.6 | T17: 23.4 | U17: =ROUNDDOWN(('SPT-01'!$M41*'TABELA AUXILIAR'!$J$3+SUM('SPT-01'!$N$26:$N41))/2,0)*0.9 -> 4836.6 | V17: =ROUNDDOWN(('SPT-01'!$M41*'TABELA AUXILIAR'!$J$4+SUM('SPT-01'!$O$26:$O41))/2,0)*0.9 -> 5349.6 | W17: =ROUNDDOWN(('SPT-01'!$M41*'TABELA AUXILIAR'!$J$5+SUM('SPT-01'!$P$26:$P41))/2,0)*0.9 -> 6428.7 | Y17: 18.6 | Z17: =ROUNDDOWN(('SPT-01'!$M33*'TABELA AUXILIAR'!$J$3+SUM('SPT-01'!$N$18:$N33))/2,0)*0.9 -> 3817.8 | AA17: =ROUNDDOWN(('SPT-01'!$M33*'TABELA AUXILIAR'!$J$4+SUM('SPT-01'!$O$18:$O33))/2,0)*0.9 -> 4233.6 | AB17: =ROUNDDOWN(('SPT-01'!$M33*'TABELA AUXILIAR'!$J$5+SUM('SPT-01'!$P$18:$P33))/2,0)*0.9 -> 5115.6 | AD17: 13.8 | AE17: =ROUNDDOWN(('SPT-01'!$M25*'TABELA AUXILIAR'!$J$3+SUM('SPT-01'!$N$10:$N25))/2,0)*0.9 -> 2818.8 | AF17: =ROUNDDOWN(('SPT-01'!$M25*'TABELA AUXILIAR'!$J$4+SUM('SPT-01'!$O$10:$O25))/2,0)*0.9 -> 3137.4 | AG17: =ROUNDDOWN(('SPT-01'!$M25*'TABELA AUXILIAR'!$J$5+SUM('SPT-01'!$P$10:$P25))/2,0)*0.9 -> 3820.5
J18: 30.6 | K18: =ROUNDDOWN(('SPT-01'!$M53*'TABELA AUXILIAR'!$J$3+SUM('SPT-01'!$N$37:$N53))/2,0)*0.9 -> 5787.9 | L18: =ROUNDDOWN(('SPT-01'!$M53*'TABELA AUXILIAR'!$J$4+SUM('SPT-01'!$O$37:$O53))/2,0)*0.9 -> 6396.3 | M18: =ROUNDDOWN(('SPT-01'!$M53*'TABELA AUXILIAR'!$J$5+SUM('SPT-01'!$P$37:$P53))/2,0)*0.9 -> 7676.1 | O18: 28.8 | P18: =ROUNDDOWN(('SPT-01'!$M50*'TABELA AUXILIAR'!$J$3+SUM('SPT-01'!$N$34:$N50))/2,0)*0.9 -> 5715 | Q18: =ROUNDDOWN(('SPT-01'!$M50*'TABELA AUXILIAR'!$J$4+SUM('SPT-01'!$O$34:$O50))/2,0)*0.9 -> 6312.6 | R18: =ROUNDDOWN(('SPT-01'!$M50*'TABELA AUXILIAR'!$J$5+SUM('SPT-01'!$P$34:$P50))/2,0)*0.9 -> 7569 | T18: 24 | U18: =ROUNDDOWN(('SPT-01'!$M42*'TABELA AUXILIAR'!$J$3+SUM('SPT-01'!$N$26:$N42))/2,0)*0.9 -> 4560.3 | V18: =ROUNDDOWN(('SPT-01'!$M42*'TABELA AUXILIAR'!$J$4+SUM('SPT-01'!$O$26:$O42))/2,0)*0.9 -> 5010.3 | W18: =ROUNDDOWN(('SPT-01'!$M42*'TABELA AUXILIAR'!$J$5+SUM('SPT-01'!$P$26:$P42))/2,0)*0.9 -> 5940.9 | Y18: 19.2 | Z18: =ROUNDDOWN(('SPT-01'!$M34*'TABELA AUXILIAR'!$J$3+SUM('SPT-01'!$N$18:$N34))/2,0)*0.9 -> 4077.9 | AA18: =ROUNDDOWN(('SPT-01'!$M34*'TABELA AUXILIAR'!$J$4+SUM('SPT-01'!$O$18:$O34))/2,0)*0.9 -> 4517.1 | AB18: =ROUNDDOWN(('SPT-01'!$M34*'TABELA AUXILIAR'!$J$5+SUM('SPT-01'!$P$18:$P34))/2,0)*0.9 -> 5445.9 | AD18: 14.4 | AE18: =ROUNDDOWN(('SPT-01'!$M26*'TABELA AUXILIAR'!$J$3+SUM('SPT-01'!$N$10:$N26))/2,0)*0.9 -> 3014.1 | AF18: =ROUNDDOWN(('SPT-01'!$M26*'TABELA AUXILIAR'!$J$4+SUM('SPT-01'!$O$10:$O26))/2,0)*0.9 -> 3351.6 | AG18: =ROUNDDOWN(('SPT-01'!$M26*'TABELA AUXILIAR'!$J$5+SUM('SPT-01'!$P$10:$P26))/2,0)*0.9 -> 4071.6
J19: 31.2 | K19: =ROUNDDOWN(('SPT-01'!$M54*'TABELA AUXILIAR'!$J$3+SUM('SPT-01'!$N$37:$N54))/2,0)*0.9 -> 5334.3 | L19: =ROUNDDOWN(('SPT-01'!$M54*'TABELA AUXILIAR'!$J$4+SUM('SPT-01'!$O$37:$O54))/2,0)*0.9 -> 5853.6 | M19: =ROUNDDOWN(('SPT-01'!$M54*'TABELA AUXILIAR'!$J$5+SUM('SPT-01'!$P$37:$P54))/2,0)*0.9 -> 6921.9 | O19: 29.4 | P19: =ROUNDDOWN(('SPT-01'!$M51*'TABELA AUXILIAR'!$J$3+SUM('SPT-01'!$N$34:$N51))/2,0)*0.9 -> 5984.1 | Q19: =ROUNDDOWN(('SPT-01'!$M51*'TABELA AUXILIAR'!$J$4+SUM('SPT-01'!$O$34:$O51))/2,0)*0.9 -> 6606.9 | R19: =ROUNDDOWN(('SPT-01'!$M51*'TABELA AUXILIAR'!$J$5+SUM('SPT-01'!$P$34:$P51))/2,0)*0.9 -> 7911 | T19: 24.6 | U19: =ROUNDDOWN(('SPT-01'!$M43*'TABELA AUXILIAR'!$J$3+SUM('SPT-01'!$N$26:$N43))/2,0)*0.9 -> 5326.2 | V19: =ROUNDDOWN(('SPT-01'!$M43*'TABELA AUXILIAR'!$J$4+SUM('SPT-01'!$O$26:$O43))/2,0)*0.9 -> 5882.4 | W19: =ROUNDDOWN(('SPT-01'!$M43*'TABELA AUXILIAR'!$J$5+SUM('SPT-01'!$P$26:$P43))/2,0)*0.9 -> 7050.6 | Y19: 19.8 | Z19: =ROUNDDOWN(('SPT-01'!$M35*'TABELA AUXILIAR'!$J$3+SUM('SPT-01'!$N$18:$N35))/2,0)*0.9 -> 4340.7 | AA19: =ROUNDDOWN(('SPT-01'!$M35*'TABELA AUXILIAR'!$J$4+SUM('SPT-01'!$O$18:$O35))/2,0)*0.9 -> 4804.2 | AB19: =ROUNDDOWN(('SPT-01'!$M35*'TABELA AUXILIAR'!$J$5+SUM('SPT-01'!$P$18:$P35))/2,0)*0.9 -> 5780.7 | AD19: 15 | AE19: =ROUNDDOWN(('SPT-01'!$M27*'TABELA AUXILIAR'!$J$3+SUM('SPT-01'!$N$10:$N27))/2,0)*0.9 -> 2844.9 | AF19: =ROUNDDOWN(('SPT-01'!$M27*'TABELA AUXILIAR'!$J$4+SUM('SPT-01'!$O$10:$O27))/2,0)*0.9 -> 3143.7 | AG19: =ROUNDDOWN(('SPT-01'!$M27*'TABELA AUXILIAR'!$J$5+SUM('SPT-01'!$P$10:$P27))/2,0)*0.9 -> 3771
... J182: 129 | K182: =ROUNDDOWN(('SPT-01'!$M217*'TABELA AUXILIAR'!$J$3+SUM('SPT-01'!$N$37:$N217))/2,0)*0.9 -> 65241 | L182: =ROUNDDOWN(('SPT-01'!$M217*'TABELA AUXILIAR'!$J$4+SUM('SPT-01'!$O$37:$O217))/2,0)*0.9 -> 70947.9 | M182: =ROUNDDOWN(('SPT-01'!$M217*'TABELA AUXILIAR'!$J$5+SUM('SPT-01'!$P$37:$P217))/2,0)*0.9 -> 82289.7 | O182: 127.2 | P182: =ROUNDDOWN(('SPT-01'!$M214*'TABELA AUXILIAR'!$J$3+SUM('SPT-01'!$N$34:$N214))/2,0)*0.9 -> 64571.4 | Q182: =ROUNDDOWN(('SPT-01'!$M214*'TABELA AUXILIAR'!$J$4+SUM('SPT-01'!$O$34:$O214))/2,0)*0.9 -> 70219.8 | R182: =ROUNDDOWN(('SPT-01'!$M214*'TABELA AUXILIAR'!$J$5+SUM('SPT-01'!$P$34:$P214))/2,0)*0.9 -> 81446.4 | T182: 122.4 | U182: =ROUNDDOWN(('SPT-01'!$M206*'TABELA AUXILIAR'!$J$3+SUM('SPT-01'!$N$26:$N206))/2,0)*0.9 -> 62448.3 | V182: =ROUNDDOWN(('SPT-01'!$M206*'TABELA AUXILIAR'!$J$4+SUM('SPT-01'!$O$26:$O206))/2,0)*0.9 -> 67913.1 | W182: =ROUNDDOWN(('SPT-01'!$M206*'TABELA AUXILIAR'!$J$5+SUM('SPT-01'!$P$26:$P206))/2,0)*0.9 -> 78775.2 | Y182: 117.6 | Z182: =ROUNDDOWN(('SPT-01'!$M198*'TABELA AUXILIAR'!$J$3+SUM('SPT-01'!$N$18:$N198))/2,0)*0.9 -> 59942.7 | AA182: =ROUNDDOWN(('SPT-01'!$M198*'TABELA AUXILIAR'!$J$4+SUM('SPT-01'!$O$18:$O198))/2,0)*0.9 -> 65189.7 | AB182: =ROUNDDOWN(('SPT-01'!$M198*'TABELA AUXILIAR'!$J$5+SUM('SPT-01'!$P$18:$P198))/2,0)*0.9 -> 75623.4 | AD182: 112.8 | AE182: =ROUNDDOWN(('SPT-01'!$M190*'TABELA AUXILIAR'!$J$3+SUM('SPT-01'!$N$10:$N190))/2,0)*0.9 -> 57124.8 | AF182: =ROUNDDOWN(('SPT-01'!$M190*'TABELA AUXILIAR'!$J$4+SUM('SPT-01'!$O$10:$O190))/2,0)*0.9 -> 62128.8 | AG182: =ROUNDDOWN(('SPT-01'!$M190*'TABELA AUXILIAR'!$J$5+SUM('SPT-01'!$P$10:$P190))/2,0)*0.9 -> 72081.9
O183: 127.8 | P183: =ROUNDDOWN(('SPT-01'!$M215*'TABELA AUXILIAR'!$J$3+SUM('SPT-01'!$N$34:$N215))/2,0)*0.9 -> 65041.2 | Q183: =ROUNDDOWN(('SPT-01'!$M215*'TABELA AUXILIAR'!$J$4+SUM('SPT-01'!$O$34:$O215))/2,0)*0.9 -> 70730.1 | R183: =ROUNDDOWN(('SPT-01'!$M215*'TABELA AUXILIAR'!$J$5+SUM('SPT-01'!$P$34:$P215))/2,0)*0.9 -> 82036.8 | T183: 123 | U183: =ROUNDDOWN(('SPT-01'!$M207*'TABELA AUXILIAR'!$J$3+SUM('SPT-01'!$N$26:$N207))/2,0)*0.9 -> 62909.1 | V183: =ROUNDDOWN(('SPT-01'!$M207*'TABELA AUXILIAR'!$J$4+SUM('SPT-01'!$O$26:$O207))/2,0)*0.9 -> 68412.6 | W183: =ROUNDDOWN(('SPT-01'!$M207*'TABELA AUXILIAR'!$J$5+SUM('SPT-01'!$P$26:$P207))/2,0)*0.9 -> 79353 | Y183: 118.2 | Z183: =ROUNDDOWN(('SPT-01'!$M199*'TABELA AUXILIAR'!$J$3+SUM('SPT-01'!$N$18:$N199))/2,0)*0.9 -> 60392.7 | AA183: =ROUNDDOWN(('SPT-01'!$M199*'TABELA AUXILIAR'!$J$4+SUM('SPT-01'!$O$18:$O199))/2,0)*0.9 -> 65678.4 | AB183: =ROUNDDOWN(('SPT-01'!$M199*'TABELA AUXILIAR'!$J$5+SUM('SPT-01'!$P$18:$P199))/2,0)*0.9 -> 76189.5 | AD183: 113.4 | AE183: =ROUNDDOWN(('SPT-01'!$M191*'TABELA AUXILIAR'!$J$3+SUM('SPT-01'!$N$10:$N191))/2,0)*0.9 -> 57564.9 | AF183: =ROUNDDOWN(('SPT-01'!$M191*'TABELA AUXILIAR'!$J$4+SUM('SPT-01'!$O$10:$O191))/2,0)*0.9 -> 62606.7 | AG183: =ROUNDDOWN(('SPT-01'!$M191*'TABELA AUXILIAR'!$J$5+SUM('SPT-01'!$P$10:$P191))/2,0)*0.9 -> 72634.5
O184: 128.4 | P184: =ROUNDDOWN(('SPT-01'!$M216*'TABELA AUXILIAR'!$J$3+SUM('SPT-01'!$N$34:$N216))/2,0)*0.9 -> 65512.8 | Q184: =ROUNDDOWN(('SPT-01'!$M216*'TABELA AUXILIAR'!$J$4+SUM('SPT-01'!$O$34:$O216))/2,0)*0.9 -> 71242.2 | R184: =ROUNDDOWN(('SPT-01'!$M216*'TABELA AUXILIAR'!$J$5+SUM('SPT-01'!$P$34:$P216))/2,0)*0.9 -> 82628.1 | T184: 123.6 | U184: =ROUNDDOWN(('SPT-01'!$M208*'TABELA AUXILIAR'!$J$3+SUM('SPT-01'!$N$26:$N208))/2,0)*0.9 -> 63369.9 | V184: =ROUNDDOWN(('SPT-01'!$M208*'TABELA AUXILIAR'!$J$4+SUM('SPT-01'!$O$26:$O208))/2,0)*0.9 -> 68913.9 | W184: =ROUNDDOWN(('SPT-01'!$M208*'TABELA AUXILIAR'!$J$5+SUM('SPT-01'!$P$26:$P208))/2,0)*0.9 -> 79932.6 | Y184: 118.8 | Z184: =ROUNDDOWN(('SPT-01'!$M200*'TABELA AUXILIAR'!$J$3+SUM('SPT-01'!$N$18:$N200))/2,0)*0.9 -> 60843.6 | AA184: =ROUNDDOWN(('SPT-01'!$M200*'TABELA AUXILIAR'!$J$4+SUM('SPT-01'!$O$18:$O200))/2,0)*0.9 -> 66168.9 | AB184: =ROUNDDOWN(('SPT-01'!$M200*'TABELA AUXILIAR'!$J$5+SUM('SPT-01'!$P$18:$P200))/2,0)*0.9 -> 76756.5 | AD184: 114 | AE184: =ROUNDDOWN(('SPT-01'!$M192*'TABELA AUXILIAR'!$J$3+SUM('SPT-01'!$N$10:$N192))/2,0)*0.9 -> 58005.9 | AF184: =ROUNDDOWN(('SPT-01'!$M192*'TABELA AUXILIAR'!$J$4+SUM('SPT-01'!$O$10:$O192))/2,0)*0.9 -> 63086.4 | AG184: =ROUNDDOWN(('SPT-01'!$M192*'TABELA AUXILIAR'!$J$5+SUM('SPT-01'!$P$10:$P192))/2,0)*0.9 -> 73188.9
O185: 129 | P185: =ROUNDDOWN(('SPT-01'!$M217*'TABELA AUXILIAR'!$J$3+SUM('SPT-01'!$N$34:$N217))/2,0)*0.9 -> 65985.3 | Q185: =ROUNDDOWN(('SPT-01'!$M217*'TABELA AUXILIAR'!$J$4+SUM('SPT-01'!$O$34:$O217))/2,0)*0.9 -> 71755.2 | R185: =ROUNDDOWN(('SPT-01'!$M217*'TABELA AUXILIAR'!$J$5+SUM('SPT-01'!$P$34:$P217))/2,0)*0.9 -> 83222.1 | T185: 124.2 | U185: =ROUNDDOWN(('SPT-01'!$M209*'TABELA AUXILIAR'!$J$3+SUM('SPT-01'!$N$26:$N209))/2,0)*0.9 -> 63833.4 | V185: =ROUNDDOWN(('SPT-01'!$M209*'TABELA AUXILIAR'!$J$4+SUM('SPT-01'!$O$26:$O209))/2,0)*0.9 -> 69416.1 | W185: =ROUNDDOWN(('SPT-01'!$M209*'TABELA AUXILIAR'!$J$5+SUM('SPT-01'!$P$26:$P209))/2,0)*0.9 -> 80514 | Y185: 119.4 | Z185: =ROUNDDOWN(('SPT-01'!$M201*'TABELA AUXILIAR'!$J$3+SUM('SPT-01'!$N$18:$N201))/2,0)*0.9 -> 61296.3 | AA185: =ROUNDDOWN(('SPT-01'!$M201*'TABELA AUXILIAR'!$J$4+SUM('SPT-01'!$O$18:$O201))/2,0)*0.9 -> 66660.3 | AB185: =ROUNDDOWN(('SPT-01'!$M201*'TABELA AUXILIAR'!$J$5+SUM('SPT-01'!$P$18:$P201))/2,0)*0.9 -> 77324.4 | AD185: 114.6 | AE185: =ROUNDDOWN(('SPT-01'!$M193*'TABELA AUXILIAR'!$J$3+SUM('SPT-01'!$N$10:$N193))/2,0)*0.9 -> 58448.7 | AF185: =ROUNDDOWN(('SPT-01'!$M193*'TABELA AUXILIAR'!$J$4+SUM('SPT-01'!$O$10:$O193))/2,0)*0.9 -> 63567 | AG185: =ROUNDDOWN(('SPT-01'!$M193*'TABELA AUXILIAR'!$J$5+SUM('SPT-01'!$P$10:$P193))/2,0)*0.9 -> 73744.2
O186: 129.6 | P186: =ROUNDDOWN(('SPT-01'!$M218*'TABELA AUXILIAR'!$J$3+SUM('SPT-01'!$N$34:$N218))/2,0)*0.9 -> 66459.6 | Q186: =ROUNDDOWN(('SPT-01'!$M218*'TABELA AUXILIAR'!$J$4+SUM('SPT-01'!$O$34:$O218))/2,0)*0.9 -> 72269.1 | R186: =ROUNDDOWN(('SPT-01'!$M218*'TABELA AUXILIAR'!$J$5+SUM('SPT-01'!$P$34:$P218))/2,0)*0.9 -> 83817 | T186: 124.8 | U186: =ROUNDDOWN(('SPT-01'!$M210*'TABELA AUXILIAR'!$J$3+SUM('SPT-01'!$N$26:$N210))/2,0)*0.9 -> 64296.9 | V186: =ROUNDDOWN(('SPT-01'!$M210*'TABELA AUXILIAR'!$J$4+SUM('SPT-01'!$O$26:$O210))/2,0)*0.9 -> 69920.1 | W186: =ROUNDDOWN(('SPT-01'!$M210*'TABELA AUXILIAR'!$J$5+SUM('SPT-01'!$P$26:$P210))/2,0)*0.9 -> 81096.3 | Y186: 120 | Z186: =ROUNDDOWN(('SPT-01'!$M202*'TABELA AUXILIAR'!$J$3+SUM('SPT-01'!$N$18:$N202))/2,0)*0.9 -> 61750.8 | AA186: =ROUNDDOWN(('SPT-01'!$M202*'TABELA AUXILIAR'!$J$4+SUM('SPT-01'!$O$18:$O202))/2,0)*0.9 -> 67153.5 | AB186: =ROUNDDOWN(('SPT-01'!$M202*'TABELA AUXILIAR'!$J$5+SUM('SPT-01'!$P$18:$P202))/2,0)*0.9 -> 77895 | AD186: 115.2 | AE186: =ROUNDDOWN(('SPT-01'!$M194*'TABELA AUXILIAR'!$J$3+SUM('SPT-01'!$N$10:$N194))/2,0)*0.9 -> 58892.4 | AF186: =ROUNDDOWN(('SPT-01'!$M194*'TABELA AUXILIAR'!$J$4+SUM('SPT-01'!$O$10:$O194))/2,0)*0.9 -> 64048.5 | AG186: =ROUNDDOWN(('SPT-01'!$M194*'TABELA AUXILIAR'!$J$5+SUM('SPT-01'!$P$10:$P194))/2,0)*0.9 -> 74302.2
O187: 130.2 | P187: =ROUNDDOWN(('SPT-01'!$M219*'TABELA AUXILIAR'!$J$3+SUM('SPT-01'!$N$34:$N219))/2,0)*0.9 -> 66933.9 | Q187: =ROUNDDOWN(('SPT-01'!$M219*'TABELA AUXILIAR'!$J$4+SUM('SPT-01'!$O$34:$O219))/2,0)*0.9 -> 72785.7 | R187: =ROUNDDOWN(('SPT-01'!$M219*'TABELA AUXILIAR'!$J$5+SUM('SPT-01'!$P$34:$P219))/2,0)*0.9 -> 84412.8 | T187: 125.4 | U187: =ROUNDDOWN(('SPT-01'!$M211*'TABELA AUXILIAR'!$J$3+SUM('SPT-01'!$N$26:$N211))/2,0)*0.9 -> 64762.2 | V187: =ROUNDDOWN(('SPT-01'!$M211*'TABELA AUXILIAR'!$J$4+SUM('SPT-01'!$O$26:$O211))/2,0)*0.9 -> 70425 | W187: =ROUNDDOWN(('SPT-01'!$M211*'TABELA AUXILIAR'!$J$5+SUM('SPT-01'!$P$26:$P211))/2,0)*0.9 -> 81680.4 | Y187: 120.6 | Z187: =ROUNDDOWN(('SPT-01'!$M203*'TABELA AUXILIAR'!$J$3+SUM('SPT-01'!$N$18:$N203))/2,0)*0.9 -> 62206.2 | AA187: =ROUNDDOWN(('SPT-01'!$M203*'TABELA AUXILIAR'!$J$4+SUM('SPT-01'!$O$18:$O203))/2,0)*0.9 -> 67648.5 | AB187: =ROUNDDOWN(('SPT-01'!$M203*'TABELA AUXILIAR'!$J$5+SUM('SPT-01'!$P$18:$P203))/2,0)*0.9 -> 78466.5 | AD187: 115.8 | AE187: =ROUNDDOWN(('SPT-01'!$M195*'TABELA AUXILIAR'!$J$3+SUM('SPT-01'!$N$10:$N195))/2,0)*0.9 -> 59337 | AF187: =ROUNDDOWN(('SPT-01'!$M195*'TABELA AUXILIAR'!$J$4+SUM('SPT-01'!$O$10:$O195))/2,0)*0.9 -> 64531.8 | AG187: =ROUNDDOWN(('SPT-01'!$M195*'TABELA AUXILIAR'!$J$5+SUM('SPT-01'!$P$10:$P195))/2,0)*0.9 -> 74861.1
O188: 130.8 | P188: =ROUNDDOWN(('SPT-01'!$M220*'TABELA AUXILIAR'!$J$3+SUM('SPT-01'!$N$34:$N220))/2,0)*0.9 -> 67410 | Q188: =ROUNDDOWN(('SPT-01'!$M220*'TABELA AUXILIAR'!$J$4+SUM('SPT-01'!$O$34:$O220))/2,0)*0.9 -> 73302.3 | R188: =ROUNDDOWN(('SPT-01'!$M220*'TABELA AUXILIAR'!$J$5+SUM('SPT-01'!$P$34:$P220))/2,0)*0.9 -> 85011.3 | T188: 126 | U188: =ROUNDDOWN(('SPT-01'!$M212*'TABELA AUXILIAR'!$J$3+SUM('SPT-01'!$N$26:$N212))/2,0)*0.9 -> 65228.4 | V188: =ROUNDDOWN(('SPT-01'!$M212*'TABELA AUXILIAR'!$J$4+SUM('SPT-01'!$O$26:$O212))/2,0)*0.9 -> 70931.7 | W188: =ROUNDDOWN(('SPT-01'!$M212*'TABELA AUXILIAR'!$J$5+SUM('SPT-01'!$P$26:$P212))/2,0)*0.9 -> 82266.3 | Y188: 121.2 | Z188: =ROUNDDOWN(('SPT-01'!$M204*'TABELA AUXILIAR'!$J$3+SUM('SPT-01'!$N$18:$N204))/2,0)*0.9 -> 62662.5 | AA188: =ROUNDDOWN(('SPT-01'!$M204*'TABELA AUXILIAR'!$J$4+SUM('SPT-01'!$O$18:$O204))/2,0)*0.9 -> 68143.5 | AB188: =ROUNDDOWN(('SPT-01'!$M204*'TABELA AUXILIAR'!$J$5+SUM('SPT-01'!$P$18:$P204))/2,0)*0.9 -> 79039.8 | AD188: 116.4 | AE188: =ROUNDDOWN(('SPT-01'!$M196*'TABELA AUXILIAR'!$J$3+SUM('SPT-01'!$N$10:$N196))/2,0)*0.9 -> 59783.4 | AF188: =ROUNDDOWN(('SPT-01'!$M196*'TABELA AUXILIAR'!$J$4+SUM('SPT-01'!$O$10:$O196))/2,0)*0.9 -> 65016.9 | AG188: =ROUNDDOWN(('SPT-01'!$M196*'TABELA AUXILIAR'!$J$5+SUM('SPT-01'!$P$10:$P196))/2,0)*0.9 -> 75421.8
O189: 131.4 | P189: =ROUNDDOWN(('SPT-01'!$M221*'TABELA AUXILIAR'!$J$3+SUM('SPT-01'!$N$34:$N221))/2,0)*0.9 -> 67887.9 | Q189: =ROUNDDOWN(('SPT-01'!$M221*'TABELA AUXILIAR'!$J$4+SUM('SPT-01'!$O$34:$O221))/2,0)*0.9 -> 73820.7 | R189: =ROUNDDOWN(('SPT-01'!$M221*'TABELA AUXILIAR'!$J$5+SUM('SPT-01'!$P$34:$P221))/2,0)*0.9 -> 85610.7 | T189: 126.6 | U189: =ROUNDDOWN(('SPT-01'!$M213*'TABELA AUXILIAR'!$J$3+SUM('SPT-01'!$N$26:$N213))/2,0)*0.9 -> 65696.4 | V189: =ROUNDDOWN(('SPT-01'!$M213*'TABELA AUXILIAR'!$J$4+SUM('SPT-01'!$O$26:$O213))/2,0)*0.9 -> 71439.3 | W189: =ROUNDDOWN(('SPT-01'!$M213*'TABELA AUXILIAR'!$J$5+SUM('SPT-01'!$P$26:$P213))/2,0)*0.9 -> 82853.1 | Y189: 121.8 | Z189: =ROUNDDOWN(('SPT-01'!$M205*'TABELA AUXILIAR'!$J$3+SUM('SPT-01'!$N$18:$N205))/2,0)*0.9 -> 63119.7 | AA189: =ROUNDDOWN(('SPT-01'!$M205*'TABELA AUXILIAR'!$J$4+SUM('SPT-01'!$O$18:$O205))/2,0)*0.9 -> 68641.2 | AB189: =ROUNDDOWN(('SPT-01'!$M205*'TABELA AUXILIAR'!$J$5+SUM('SPT-01'!$P$18:$P205))/2,0)*0.9 -> 79614.9 | AD189: 117 | AE189: =ROUNDDOWN(('SPT-01'!$M197*'TABELA AUXILIAR'!$J$3+SUM('SPT-01'!$N$10:$N197))/2,0)*0.9 -> 60231.6 | AF189: =ROUNDDOWN(('SPT-01'!$M197*'TABELA AUXILIAR'!$J$4+SUM('SPT-01'!$O$10:$O197))/2,0)*0.9 -> 65502.9 | AG189: =ROUNDDOWN(('SPT-01'!$M197*'TABELA AUXILIAR'!$J$5+SUM('SPT-01'!$P$10:$P197))/2,0)*0.9 -> 75984.3
O190: 132 | P190: =ROUNDDOWN(('SPT-01'!$M222*'TABELA AUXILIAR'!$J$3+SUM('SPT-01'!$N$34:$N222))/2,0)*0.9 -> 68366.7 | Q190: =ROUNDDOWN(('SPT-01'!$M222*'TABELA AUXILIAR'!$J$4+SUM('SPT-01'!$O$34:$O222))/2,0)*0.9 -> 74340.9 | R190: =ROUNDDOWN(('SPT-01'!$M222*'TABELA AUXILIAR'!$J$5+SUM('SPT-01'!$P$34:$P222))/2,0)*0.9 -> 86211.9 | T190: 127.2 | U190: =ROUNDDOWN(('SPT-01'!$M214*'TABELA AUXILIAR'!$J$3+SUM('SPT-01'!$N$26:$N214))/2,0)*0.9 -> 66165.3 | V190: =ROUNDDOWN(('SPT-01'!$M214*'TABELA AUXILIAR'!$J$4+SUM('SPT-01'!$O$26:$O214))/2,0)*0.9 -> 71948.7 | W190: =ROUNDDOWN(('SPT-01'!$M214*'TABELA AUXILIAR'!$J$5+SUM('SPT-01'!$P$26:$P214))/2,0)*0.9 -> 83442.6 | Y190: 122.4 | Z190: =ROUNDDOWN(('SPT-01'!$M206*'TABELA AUXILIAR'!$J$3+SUM('SPT-01'!$N$18:$N206))/2,0)*0.9 -> 63578.7 | AA190: =ROUNDDOWN(('SPT-01'!$M206*'TABELA AUXILIAR'!$J$4+SUM('SPT-01'!$O$18:$O206))/2,0)*0.9 -> 69138.9 | AB190: =ROUNDDOWN(('SPT-01'!$M206*'TABELA AUXILIAR'!$J$5+SUM('SPT-01'!$P$18:$P206))/2,0)*0.9 -> 80190.9 | AD190: 117.6 | AE190: =ROUNDDOWN(('SPT-01'!$M198*'TABELA AUXILIAR'!$J$3+SUM('SPT-01'!$N$10:$N198))/2,0)*0.9 -> 60680.7 | AF190: =ROUNDDOWN(('SPT-01'!$M198*'TABELA AUXILIAR'!$J$4+SUM('SPT-01'!$O$10:$O198))/2,0)*0.9 -> 65990.7 | AG190: =ROUNDDOWN(('SPT-01'!$M198*'TABELA AUXILIAR'!$J$5+SUM('SPT-01'!$P$10:$P198))/2,0)*0.9 -> 76547.7
T191: 127.8 | U191: =ROUNDDOWN(('SPT-01'!$M215*'TABELA AUXILIAR'!$J$3+SUM('SPT-01'!$N$26:$N215))/2,0)*0.9 -> 66635.1 | V191: =ROUNDDOWN(('SPT-01'!$M215*'TABELA AUXILIAR'!$J$4+SUM('SPT-01'!$O$26:$O215))/2,0)*0.9 -> 72459 | W191: =ROUNDDOWN(('SPT-01'!$M215*'TABELA AUXILIAR'!$J$5+SUM('SPT-01'!$P$26:$P215))/2,0)*0.9 -> 84033 | Y191: 123 | Z191: =ROUNDDOWN(('SPT-01'!$M207*'TABELA AUXILIAR'!$J$3+SUM('SPT-01'!$N$18:$N207))/2,0)*0.9 -> 64039.5 | AA191: =ROUNDDOWN(('SPT-01'!$M207*'TABELA AUXILIAR'!$J$4+SUM('SPT-01'!$O$18:$O207))/2,0)*0.9 -> 69639.3 | AB191: =ROUNDDOWN(('SPT-01'!$M207*'TABELA AUXILIAR'!$J$5+SUM('SPT-01'!$P$18:$P207))/2,0)*0.9 -> 80768.7 | AD191: 118.2 | AE191: =ROUNDDOWN(('SPT-01'!$M199*'TABELA AUXILIAR'!$J$3+SUM('SPT-01'!$N$10:$N199))/2,0)*0.9 -> 61130.7 | AF191: =ROUNDDOWN(('SPT-01'!$M199*'TABELA AUXILIAR'!$J$4+SUM('SPT-01'!$O$10:$O199))/2,0)*0.9 -> 66479.4 | AG191: =ROUNDDOWN(('SPT-01'!$M199*'TABELA AUXILIAR'!$J$5+SUM('SPT-01'!$P$10:$P199))/2,0)*0.9 -> 77113.8
T192: 128.4 | U192: =ROUNDDOWN(('SPT-01'!$M216*'TABELA AUXILIAR'!$J$3+SUM('SPT-01'!$N$26:$N216))/2,0)*0.9 -> 67106.7 | V192: =ROUNDDOWN(('SPT-01'!$M216*'TABELA AUXILIAR'!$J$4+SUM('SPT-01'!$O$26:$O216))/2,0)*0.9 -> 72971.1 | W192: =ROUNDDOWN(('SPT-01'!$M216*'TABELA AUXILIAR'!$J$5+SUM('SPT-01'!$P$26:$P216))/2,0)*0.9 -> 84624.3 | Y192: 123.6 | Z192: =ROUNDDOWN(('SPT-01'!$M208*'TABELA AUXILIAR'!$J$3+SUM('SPT-01'!$N$18:$N208))/2,0)*0.9 -> 64500.3 | AA192: =ROUNDDOWN(('SPT-01'!$M208*'TABELA AUXILIAR'!$J$4+SUM('SPT-01'!$O$18:$O208))/2,0)*0.9 -> 70140.6 | AB192: =ROUNDDOWN(('SPT-01'!$M208*'TABELA AUXILIAR'!$J$5+SUM('SPT-01'!$P$18:$P208))/2,0)*0.9 -> 81348.3 | AD192: 118.8 | AE192: =ROUNDDOWN(('SPT-01'!$M200*'TABELA AUXILIAR'!$J$3+SUM('SPT-01'!$N$10:$N200))/2,0)*0.9 -> 61581.6 | AF192: =ROUNDDOWN(('SPT-01'!$M200*'TABELA AUXILIAR'!$J$4+SUM('SPT-01'!$O$10:$O200))/2,0)*0.9 -> 66969.9 | AG192: =ROUNDDOWN(('SPT-01'!$M200*'TABELA AUXILIAR'!$J$5+SUM('SPT-01'!$P$10:$P200))/2,0)*0.9 -> 77680.8
T193: 129 | U193: =ROUNDDOWN(('SPT-01'!$M217*'TABELA AUXILIAR'!$J$3+SUM('SPT-01'!$N$26:$N217))/2,0)*0.9 -> 67579.2 | V193: =ROUNDDOWN(('SPT-01'!$M217*'TABELA AUXILIAR'!$J$4+SUM('SPT-01'!$O$26:$O217))/2,0)*0.9 -> 73484.1 | W193: =ROUNDDOWN(('SPT-01'!$M217*'TABELA AUXILIAR'!$J$5+SUM('SPT-01'!$P$26:$P217))/2,0)*0.9 -> 85217.4 | Y193: 124.2 | Z193: =ROUNDDOWN(('SPT-01'!$M209*'TABELA AUXILIAR'!$J$3+SUM('SPT-01'!$N$18:$N209))/2,0)*0.9 -> 64962.9 | AA193: =ROUNDDOWN(('SPT-01'!$M209*'TABELA AUXILIAR'!$J$4+SUM('SPT-01'!$O$18:$O209))/2,0)*0.9 -> 70642.8 | AB193: =ROUNDDOWN(('SPT-01'!$M209*'TABELA AUXILIAR'!$J$5+SUM('SPT-01'!$P$18:$P209))/2,0)*0.9 -> 81929.7 | AD193: 119.4 | AE193: =ROUNDDOWN(('SPT-01'!$M201*'TABELA AUXILIAR'!$J$3+SUM('SPT-01'!$N$10:$N201))/2,0)*0.9 -> 62034.3 | AF193: =ROUNDDOWN(('SPT-01'!$M201*'TABELA AUXILIAR'!$J$4+SUM('SPT-01'!$O$10:$O201))/2,0)*0.9 -> 67461.3 | AG193: =ROUNDDOWN(('SPT-01'!$M201*'TABELA AUXILIAR'!$J$5+SUM('SPT-01'!$P$10:$P201))/2,0)*0.9 -> 78248.7
T194: 129.6 | U194: =ROUNDDOWN(('SPT-01'!$M218*'TABELA AUXILIAR'!$J$3+SUM('SPT-01'!$N$26:$N218))/2,0)*0.9 -> 68052.6 | V194: =ROUNDDOWN(('SPT-01'!$M218*'TABELA AUXILIAR'!$J$4+SUM('SPT-01'!$O$26:$O218))/2,0)*0.9 -> 73998.9 | W194: =ROUNDDOWN(('SPT-01'!$M218*'TABELA AUXILIAR'!$J$5+SUM('SPT-01'!$P$26:$P218))/2,0)*0.9 -> 85812.3 | Y194: 124.8 | Z194: =ROUNDDOWN(('SPT-01'!$M210*'TABELA AUXILIAR'!$J$3+SUM('SPT-01'!$N$18:$N210))/2,0)*0.9 -> 65427.3 | AA194: =ROUNDDOWN(('SPT-01'!$M210*'TABELA AUXILIAR'!$J$4+SUM('SPT-01'!$O$18:$O210))/2,0)*0.9 -> 71146.8 | AB194: =ROUNDDOWN(('SPT-01'!$M210*'TABELA AUXILIAR'!$J$5+SUM('SPT-01'!$P$18:$P210))/2,0)*0.9 -> 82512 | AD194: 120 | AE194: =ROUNDDOWN(('SPT-01'!$M202*'TABELA AUXILIAR'!$J$3+SUM('SPT-01'!$N$10:$N202))/2,0)*0.9 -> 62488.8 | AF194: =ROUNDDOWN(('SPT-01'!$M202*'TABELA AUXILIAR'!$J$4+SUM('SPT-01'!$O$10:$O202))/2,0)*0.9 -> 67954.5 | AG194: =ROUNDDOWN(('SPT-01'!$M202*'TABELA AUXILIAR'!$J$5+SUM('SPT-01'!$P$10:$P202))/2,0)*0.9 -> 78819.3
T195: 130.2 | U195: =ROUNDDOWN(('SPT-01'!$M219*'TABELA AUXILIAR'!$J$3+SUM('SPT-01'!$N$26:$N219))/2,0)*0.9 -> 68527.8 | V195: =ROUNDDOWN(('SPT-01'!$M219*'TABELA AUXILIAR'!$J$4+SUM('SPT-01'!$O$26:$O219))/2,0)*0.9 -> 74514.6 | W195: =ROUNDDOWN(('SPT-01'!$M219*'TABELA AUXILIAR'!$J$5+SUM('SPT-01'!$P$26:$P219))/2,0)*0.9 -> 86409 | Y195: 125.4 | Z195: =ROUNDDOWN(('SPT-01'!$M211*'TABELA AUXILIAR'!$J$3+SUM('SPT-01'!$N$18:$N211))/2,0)*0.9 -> 65892.6 | AA195: =ROUNDDOWN(('SPT-01'!$M211*'TABELA AUXILIAR'!$J$4+SUM('SPT-01'!$O$18:$O211))/2,0)*0.9 -> 71651.7 | AB195: =ROUNDDOWN(('SPT-01'!$M211*'TABELA AUXILIAR'!$J$5+SUM('SPT-01'!$P$18:$P211))/2,0)*0.9 -> 83096.1 | AD195: 120.6 | AE195: =ROUNDDOWN(('SPT-01'!$M203*'TABELA AUXILIAR'!$J$3+SUM('SPT-01'!$N$10:$N203))/2,0)*0.9 -> 62943.3 | AF195: =ROUNDDOWN(('SPT-01'!$M203*'TABELA AUXILIAR'!$J$4+SUM('SPT-01'!$O$10:$O203))/2,0)*0.9 -> 68448.6 | AG195: =ROUNDDOWN(('SPT-01'!$M203*'TABELA AUXILIAR'!$J$5+SUM('SPT-01'!$P$10:$P203))/2,0)*0.9 -> 79390.8
T196: 130.8 | U196: =ROUNDDOWN(('SPT-01'!$M220*'TABELA AUXILIAR'!$J$3+SUM('SPT-01'!$N$26:$N220))/2,0)*0.9 -> 69003.9 | V196: =ROUNDDOWN(('SPT-01'!$M220*'TABELA AUXILIAR'!$J$4+SUM('SPT-01'!$O$26:$O220))/2,0)*0.9 -> 75031.2 | W196: =ROUNDDOWN(('SPT-01'!$M220*'TABELA AUXILIAR'!$J$5+SUM('SPT-01'!$P$26:$P220))/2,0)*0.9 -> 87007.5 | Y196: 126 | Z196: =ROUNDDOWN(('SPT-01'!$M212*'TABELA AUXILIAR'!$J$3+SUM('SPT-01'!$N$18:$N212))/2,0)*0.9 -> 66358.8 | AA196: =ROUNDDOWN(('SPT-01'!$M212*'TABELA AUXILIAR'!$J$4+SUM('SPT-01'!$O$18:$O212))/2,0)*0.9 -> 72158.4 | AB196: =ROUNDDOWN(('SPT-01'!$M212*'TABELA AUXILIAR'!$J$5+SUM('SPT-01'!$P$18:$P212))/2,0)*0.9 -> 83682 | AD196: 121.2 | AE196: =ROUNDDOWN(('SPT-01'!$M204*'TABELA AUXILIAR'!$J$3+SUM('SPT-01'!$N$10:$N204))/2,0)*0.9 -> 63400.5 | AF196: =ROUNDDOWN(('SPT-01'!$M204*'TABELA AUXILIAR'!$J$4+SUM('SPT-01'!$O$10:$O204))/2,0)*0.9 -> 68944.5 | AG196: =ROUNDDOWN(('SPT-01'!$M204*'TABELA AUXILIAR'!$J$5+SUM('SPT-01'!$P$10:$P204))/2,0)*0.9 -> 79964.1
T197: 131.4 | U197: =ROUNDDOWN(('SPT-01'!$M221*'TABELA AUXILIAR'!$J$3+SUM('SPT-01'!$N$26:$N221))/2,0)*0.9 -> 69480.9 | V197: =ROUNDDOWN(('SPT-01'!$M221*'TABELA AUXILIAR'!$J$4+SUM('SPT-01'!$O$26:$O221))/2,0)*0.9 -> 75549.6 | W197: =ROUNDDOWN(('SPT-01'!$M221*'TABELA AUXILIAR'!$J$5+SUM('SPT-01'!$P$26:$P221))/2,0)*0.9 -> 87606.9 | Y197: 126.6 | Z197: =ROUNDDOWN(('SPT-01'!$M213*'TABELA AUXILIAR'!$J$3+SUM('SPT-01'!$N$18:$N213))/2,0)*0.9 -> 66826.8 | AA197: =ROUNDDOWN(('SPT-01'!$M213*'TABELA AUXILIAR'!$J$4+SUM('SPT-01'!$O$18:$O213))/2,0)*0.9 -> 72666 | AB197: =ROUNDDOWN(('SPT-01'!$M213*'TABELA AUXILIAR'!$J$5+SUM('SPT-01'!$P$18:$P213))/2,0)*0.9 -> 84269.7 | AD197: 121.8 | AE197: =ROUNDDOWN(('SPT-01'!$M205*'TABELA AUXILIAR'!$J$3+SUM('SPT-01'!$N$10:$N205))/2,0)*0.9 -> 63857.7 | AF197: =ROUNDDOWN(('SPT-01'!$M205*'TABELA AUXILIAR'!$J$4+SUM('SPT-01'!$O$10:$O205))/2,0)*0.9 -> 69441.3 | AG197: =ROUNDDOWN(('SPT-01'!$M205*'TABELA AUXILIAR'!$J$5+SUM('SPT-01'!$P$10:$P205))/2,0)*0.9 -> 80539.2
T198: 132 | U198: =ROUNDDOWN(('SPT-01'!$M222*'TABELA AUXILIAR'!$J$3+SUM('SPT-01'!$N$26:$N222))/2,0)*0.9 -> 69959.7 | V198: =ROUNDDOWN(('SPT-01'!$M222*'TABELA AUXILIAR'!$J$4+SUM('SPT-01'!$O$26:$O222))/2,0)*0.9 -> 76069.8 | W198: =ROUNDDOWN(('SPT-01'!$M222*'TABELA AUXILIAR'!$J$5+SUM('SPT-01'!$P$26:$P222))/2,0)*0.9 -> 88208.1 | Y198: 127.2 | Z198: =ROUNDDOWN(('SPT-01'!$M214*'TABELA AUXILIAR'!$J$3+SUM('SPT-01'!$N$18:$N214))/2,0)*0.9 -> 67295.7 | AA198: =ROUNDDOWN(('SPT-01'!$M214*'TABELA AUXILIAR'!$J$4+SUM('SPT-01'!$O$18:$O214))/2,0)*0.9 -> 73175.4 | AB198: =ROUNDDOWN(('SPT-01'!$M214*'TABELA AUXILIAR'!$J$5+SUM('SPT-01'!$P$18:$P214))/2,0)*0.9 -> 84858.3 | AD198: 122.4 | AE198: =ROUNDDOWN(('SPT-01'!$M206*'TABELA AUXILIAR'!$J$3+SUM('SPT-01'!$N$10:$N206))/2,0)*0.9 -> 64316.7 | AF198: =ROUNDDOWN(('SPT-01'!$M206*'TABELA AUXILIAR'!$J$4+SUM('SPT-01'!$O$10:$O206))/2,0)*0.9 -> 69939.9 | AG198: =ROUNDDOWN(('SPT-01'!$M206*'TABELA AUXILIAR'!$J$5+SUM('SPT-01'!$P$10:$P206))/2,0)*0.9 -> 81115.2
U199: =ROUNDDOWN(('SPT-01'!$M223*'TABELA AUXILIAR'!$J$3+SUM('SPT-01'!$N$26:$N223))/2,0)*0.9 -> 68085 | V199: =ROUNDDOWN(('SPT-01'!$M223*'TABELA AUXILIAR'!$J$4+SUM('SPT-01'!$O$26:$O223))/2,0)*0.9 -> 73879.2 | W199: =ROUNDDOWN(('SPT-01'!$M223*'TABELA AUXILIAR'!$J$5+SUM('SPT-01'!$P$26:$P223))/2,0)*0.9 -> 85286.7 | Y199: 127.8 | Z199: =ROUNDDOWN(('SPT-01'!$M215*'TABELA AUXILIAR'!$J$3+SUM('SPT-01'!$N$18:$N215))/2,0)*0.9 -> 67765.5 | AA199: =ROUNDDOWN(('SPT-01'!$M215*'TABELA AUXILIAR'!$J$4+SUM('SPT-01'!$O$18:$O215))/2,0)*0.9 -> 73685.7 | AB199: =ROUNDDOWN(('SPT-01'!$M215*'TABELA AUXILIAR'!$J$5+SUM('SPT-01'!$P$18:$P215))/2,0)*0.9 -> 85448.7 | AD199: 123 | AE199: =ROUNDDOWN(('SPT-01'!$M207*'TABELA AUXILIAR'!$J$3+SUM('SPT-01'!$N$10:$N207))/2,0)*0.9 -> 64777.5 | AF199: =ROUNDDOWN(('SPT-01'!$M207*'TABELA AUXILIAR'!$J$4+SUM('SPT-01'!$O$10:$O207))/2,0)*0.9 -> 70439.4 | AG199: =ROUNDDOWN(('SPT-01'!$M207*'TABELA AUXILIAR'!$J$5+SUM('SPT-01'!$P$10:$P207))/2,0)*0.9 -> 81693
U200: =ROUNDDOWN(('SPT-01'!$M224*'TABELA AUXILIAR'!$J$3+SUM('SPT-01'!$N$26:$N224))/2,0)*0.9 -> 68085 | V200: =ROUNDDOWN(('SPT-01'!$M224*'TABELA AUXILIAR'!$J$4+SUM('SPT-01'!$O$26:$O224))/2,0)*0.9 -> 73879.2 | W200: =ROUNDDOWN(('SPT-01'!$M224*'TABELA AUXILIAR'!$J$5+SUM('SPT-01'!$P$26:$P224))/2,0)*0.9 -> 85286.7 | Y200: 128.4 | Z200: =ROUNDDOWN(('SPT-01'!$M216*'TABELA AUXILIAR'!$J$3+SUM('SPT-01'!$N$18:$N216))/2,0)*0.9 -> 68237.1 | AA200: =ROUNDDOWN(('SPT-01'!$M216*'TABELA AUXILIAR'!$J$4+SUM('SPT-01'!$O$18:$O216))/2,0)*0.9 -> 74197.8 | AB200: =ROUNDDOWN(('SPT-01'!$M216*'TABELA AUXILIAR'!$J$5+SUM('SPT-01'!$P$18:$P216))/2,0)*0.9 -> 86040 | AD200: 123.6 | AE200: =ROUNDDOWN(('SPT-01'!$M208*'TABELA AUXILIAR'!$J$3+SUM('SPT-01'!$N$10:$N208))/2,0)*0.9 -> 65238.3 | AF200: =ROUNDDOWN(('SPT-01'!$M208*'TABELA AUXILIAR'!$J$4+SUM('SPT-01'!$O$10:$O208))/2,0)*0.9 -> 70940.7 | AG200: =ROUNDDOWN(('SPT-01'!$M208*'TABELA AUXILIAR'!$J$5+SUM('SPT-01'!$P$10:$P208))/2,0)*0.9 -> 82272.6
U201: =ROUNDDOWN(('SPT-01'!$M225*'TABELA AUXILIAR'!$J$3+SUM('SPT-01'!$N$26:$N225))/2,0)*0.9 -> 68085 | V201: =ROUNDDOWN(('SPT-01'!$M225*'TABELA AUXILIAR'!$J$4+SUM('SPT-01'!$O$26:$O225))/2,0)*0.9 -> 73879.2 | W201: =ROUNDDOWN(('SPT-01'!$M225*'TABELA AUXILIAR'!$J$5+SUM('SPT-01'!$P$26:$P225))/2,0)*0.9 -> 85286.7 | Y201: 129 | Z201: =ROUNDDOWN(('SPT-01'!$M217*'TABELA AUXILIAR'!$J$3+SUM('SPT-01'!$N$18:$N217))/2,0)*0.9 -> 68709.6 | AA201: =ROUNDDOWN(('SPT-01'!$M217*'TABELA AUXILIAR'!$J$4+SUM('SPT-01'!$O$18:$O217))/2,0)*0.9 -> 74710.8 | AB201: =ROUNDDOWN(('SPT-01'!$M217*'TABELA AUXILIAR'!$J$5+SUM('SPT-01'!$P$18:$P217))/2,0)*0.9 -> 86634 | AD201: 124.2 | AE201: =ROUNDDOWN(('SPT-01'!$M209*'TABELA AUXILIAR'!$J$3+SUM('SPT-01'!$N$10:$N209))/2,0)*0.9 -> 65700.9 | AF201: =ROUNDDOWN(('SPT-01'!$M209*'TABELA AUXILIAR'!$J$4+SUM('SPT-01'!$O$10:$O209))/2,0)*0.9 -> 71442.9 | AG201: =ROUNDDOWN(('SPT-01'!$M209*'TABELA AUXILIAR'!$J$5+SUM('SPT-01'!$P$10:$P209))/2,0)*0.9 -> 82854
U202: =ROUNDDOWN(('SPT-01'!$M226*'TABELA AUXILIAR'!$J$3+SUM('SPT-01'!$N$26:$N226))/2,0)*0.9 -> 68085 | V202: =ROUNDDOWN(('SPT-01'!$M226*'TABELA AUXILIAR'!$J$4+SUM('SPT-01'!$O$26:$O226))/2,0)*0.9 -> 73879.2 | W202: =ROUNDDOWN(('SPT-01'!$M226*'TABELA AUXILIAR'!$J$5+SUM('SPT-01'!$P$26:$P226))/2,0)*0.9 -> 85286.7 | Y202: 129.6 | Z202: =ROUNDDOWN(('SPT-01'!$M218*'TABELA AUXILIAR'!$J$3+SUM('SPT-01'!$N$18:$N218))/2,0)*0.9 -> 69183 | AA202: =ROUNDDOWN(('SPT-01'!$M218*'TABELA AUXILIAR'!$J$4+SUM('SPT-01'!$O$18:$O218))/2,0)*0.9 -> 75224.7 | AB202: =ROUNDDOWN(('SPT-01'!$M218*'TABELA AUXILIAR'!$J$5+SUM('SPT-01'!$P$18:$P218))/2,0)*0.9 -> 87228.9 | AD202: 124.8 | AE202: =ROUNDDOWN(('SPT-01'!$M210*'TABELA AUXILIAR'!$J$3+SUM('SPT-01'!$N$10:$N210))/2,0)*0.9 -> 66165.3 | AF202: =ROUNDDOWN(('SPT-01'!$M210*'TABELA AUXILIAR'!$J$4+SUM('SPT-01'!$O$10:$O210))/2,0)*0.9 -> 71946.9 | AG202: =ROUNDDOWN(('SPT-01'!$M210*'TABELA AUXILIAR'!$J$5+SUM('SPT-01'!$P$10:$P210))/2,0)*0.9 -> 83436.3
U203: =ROUNDDOWN(('SPT-01'!$M227*'TABELA AUXILIAR'!$J$3+SUM('SPT-01'!$N$26:$N227))/2,0)*0.9 -> 68085 | V203: =ROUNDDOWN(('SPT-01'!$M227*'TABELA AUXILIAR'!$J$4+SUM('SPT-01'!$O$26:$O227))/2,0)*0.9 -> 73879.2 | W203: =ROUNDDOWN(('SPT-01'!$M227*'TABELA AUXILIAR'!$J$5+SUM('SPT-01'!$P$26:$P227))/2,0)*0.9 -> 85286.7 | Y203: 130.2 | Z203: =ROUNDDOWN(('SPT-01'!$M219*'TABELA AUXILIAR'!$J$3+SUM('SPT-01'!$N$18:$N219))/2,0)*0.9 -> 69658.2 | AA203: =ROUNDDOWN(('SPT-01'!$M219*'TABELA AUXILIAR'!$J$4+SUM('SPT-01'!$O$18:$O219))/2,0)*0.9 -> 75741.3 | AB203: =ROUNDDOWN(('SPT-01'!$M219*'TABELA AUXILIAR'!$J$5+SUM('SPT-01'!$P$18:$P219))/2,0)*0.9 -> 87824.7 | AD203: 125.4 | AE203: =ROUNDDOWN(('SPT-01'!$M211*'TABELA AUXILIAR'!$J$3+SUM('SPT-01'!$N$10:$N211))/2,0)*0.9 -> 66630.6 | AF203: =ROUNDDOWN(('SPT-01'!$M211*'TABELA AUXILIAR'!$J$4+SUM('SPT-01'!$O$10:$O211))/2,0)*0.9 -> 72452.7 | AG203: =ROUNDDOWN(('SPT-01'!$M211*'TABELA AUXILIAR'!$J$5+SUM('SPT-01'!$P$10:$P211))/2,0)*0.9 -> 84020.4
U204: =ROUNDDOWN(('SPT-01'!$M228*'TABELA AUXILIAR'!$J$3+SUM('SPT-01'!$N$26:$N228))/2,0)*0.9 -> 68085 | V204: =ROUNDDOWN(('SPT-01'!$M228*'TABELA AUXILIAR'!$J$4+SUM('SPT-01'!$O$26:$O228))/2,0)*0.9 -> 73879.2 | W204: =ROUNDDOWN(('SPT-01'!$M228*'TABELA AUXILIAR'!$J$5+SUM('SPT-01'!$P$26:$P228))/2,0)*0.9 -> 85286.7 | Y204: 130.8 | Z204: =ROUNDDOWN(('SPT-01'!$M220*'TABELA AUXILIAR'!$J$3+SUM('SPT-01'!$N$18:$N220))/2,0)*0.9 -> 70134.3 | AA204: =ROUNDDOWN(('SPT-01'!$M220*'TABELA AUXILIAR'!$J$4+SUM('SPT-01'!$O$18:$O220))/2,0)*0.9 -> 76257.9 | AB204: =ROUNDDOWN(('SPT-01'!$M220*'TABELA AUXILIAR'!$J$5+SUM('SPT-01'!$P$18:$P220))/2,0)*0.9 -> 88423.2 | AD204: 126 | AE204: =ROUNDDOWN(('SPT-01'!$M212*'TABELA AUXILIAR'!$J$3+SUM('SPT-01'!$N$10:$N212))/2,0)*0.9 -> 67096.8 | AF204: =ROUNDDOWN(('SPT-01'!$M212*'TABELA AUXILIAR'!$J$4+SUM('SPT-01'!$O$10:$O212))/2,0)*0.9 -> 72958.5 | AG204: =ROUNDDOWN(('SPT-01'!$M212*'TABELA AUXILIAR'!$J$5+SUM('SPT-01'!$P$10:$P212))/2,0)*0.9 -> 84606.3
U205: =ROUNDDOWN(('SPT-01'!$M229*'TABELA AUXILIAR'!$J$3+SUM('SPT-01'!$N$26:$N229))/2,0)*0.9 -> 68085 | V205: =ROUNDDOWN(('SPT-01'!$M229*'TABELA AUXILIAR'!$J$4+SUM('SPT-01'!$O$26:$O229))/2,0)*0.9 -> 73879.2 | W205: =ROUNDDOWN(('SPT-01'!$M229*'TABELA AUXILIAR'!$J$5+SUM('SPT-01'!$P$26:$P229))/2,0)*0.9 -> 85286.7 | Y205: 131.4 | Z205: =ROUNDDOWN(('SPT-01'!$M221*'TABELA AUXILIAR'!$J$3+SUM('SPT-01'!$N$18:$N221))/2,0)*0.9 -> 70611.3 | AA205: =ROUNDDOWN(('SPT-01'!$M221*'TABELA AUXILIAR'!$J$4+SUM('SPT-01'!$O$18:$O221))/2,0)*0.9 -> 76776.3 | AB205: =ROUNDDOWN(('SPT-01'!$M221*'TABELA AUXILIAR'!$J$5+SUM('SPT-01'!$P$18:$P221))/2,0)*0.9 -> 89022.6 | AD205: 126.6 | AE205: =ROUNDDOWN(('SPT-01'!$M213*'TABELA AUXILIAR'!$J$3+SUM('SPT-01'!$N$10:$N213))/2,0)*0.9 -> 67563.9 | AF205: =ROUNDDOWN(('SPT-01'!$M213*'TABELA AUXILIAR'!$J$4+SUM('SPT-01'!$O$10:$O213))/2,0)*0.9 -> 73467 | AG205: =ROUNDDOWN(('SPT-01'!$M213*'TABELA AUXILIAR'!$J$5+SUM('SPT-01'!$P$10:$P213))/2,0)*0.9 -> 85194
U206: =ROUNDDOWN(('SPT-01'!$M230*'TABELA AUXILIAR'!$J$3+SUM('SPT-01'!$N$26:$N230))/2,0)*0.9 -> 68085 | V206: =ROUNDDOWN(('SPT-01'!$M230*'TABELA AUXILIAR'!$J$4+SUM('SPT-01'!$O$26:$O230))/2,0)*0.9 -> 73879.2 | W206: =ROUNDDOWN(('SPT-01'!$M230*'TABELA AUXILIAR'!$J$5+SUM('SPT-01'!$P$26:$P230))/2,0)*0.9 -> 85286.7 | Y206: 132 | Z206: =ROUNDDOWN(('SPT-01'!$M222*'TABELA AUXILIAR'!$J$3+SUM('SPT-01'!$N$18:$N222))/2,0)*0.9 -> 71090.1 | AA206: =ROUNDDOWN(('SPT-01'!$M222*'TABELA AUXILIAR'!$J$4+SUM('SPT-01'!$O$18:$O222))/2,0)*0.9 -> 77296.5 | AB206: =ROUNDDOWN(('SPT-01'!$M222*'TABELA AUXILIAR'!$J$5+SUM('SPT-01'!$P$18:$P222))/2,0)*0.9 -> 89623.8 | AD206: 127.2 | AE206: =ROUNDDOWN(('SPT-01'!$M214*'TABELA AUXILIAR'!$J$3+SUM('SPT-01'!$N$10:$N214))/2,0)*0.9 -> 68032.8 | AF206: =ROUNDDOWN(('SPT-01'!$M214*'TABELA AUXILIAR'!$J$4+SUM('SPT-01'!$O$10:$O214))/2,0)*0.9 -> 73975.5 | AG206: =ROUNDDOWN(('SPT-01'!$M214*'TABELA AUXILIAR'!$J$5+SUM('SPT-01'!$P$10:$P214))/2,0)*0.9 -> 85782.6
U207: =ROUNDDOWN(('SPT-01'!$M231*'TABELA AUXILIAR'!$J$3+SUM('SPT-01'!$N$26:$N231))/2,0)*0.9 -> 68085 | V207: =ROUNDDOWN(('SPT-01'!$M231*'TABELA AUXILIAR'!$J$4+SUM('SPT-01'!$O$26:$O231))/2,0)*0.9 -> 73879.2 | W207: =ROUNDDOWN(('SPT-01'!$M231*'TABELA AUXILIAR'!$J$5+SUM('SPT-01'!$P$26:$P231))/2,0)*0.9 -> 85286.7 | Z207: =ROUNDDOWN(('SPT-01'!$M223*'TABELA AUXILIAR'!$J$3+SUM('SPT-01'!$N$18:$N223))/2,0)*0.9 -> 69214.5 | AA207: =ROUNDDOWN(('SPT-01'!$M223*'TABELA AUXILIAR'!$J$4+SUM('SPT-01'!$O$18:$O223))/2,0)*0.9 -> 75105.9 | AB207: =ROUNDDOWN(('SPT-01'!$M223*'TABELA AUXILIAR'!$J$5+SUM('SPT-01'!$P$18:$P223))/2,0)*0.9 -> 86703.3 | AD207: 127.8 | AE207: =ROUNDDOWN(('SPT-01'!$M215*'TABELA AUXILIAR'!$J$3+SUM('SPT-01'!$N$10:$N215))/2,0)*0.9 -> 68503.5 | AF207: =ROUNDDOWN(('SPT-01'!$M215*'TABELA AUXILIAR'!$J$4+SUM('SPT-01'!$O$10:$O215))/2,0)*0.9 -> 74486.7 | AG207: =ROUNDDOWN(('SPT-01'!$M215*'TABELA AUXILIAR'!$J$5+SUM('SPT-01'!$P$10:$P215))/2,0)*0.9 -> 86373
U208: =ROUNDDOWN(('SPT-01'!$M232*'TABELA AUXILIAR'!$J$3+SUM('SPT-01'!$N$26:$N232))/2,0)*0.9 -> 68085 | V208: =ROUNDDOWN(('SPT-01'!$M232*'TABELA AUXILIAR'!$J$4+SUM('SPT-01'!$O$26:$O232))/2,0)*0.9 -> 73879.2 | W208: =ROUNDDOWN(('SPT-01'!$M232*'TABELA AUXILIAR'!$J$5+SUM('SPT-01'!$P$26:$P232))/2,0)*0.9 -> 85286.7 | Z208: =ROUNDDOWN(('SPT-01'!$M224*'TABELA AUXILIAR'!$J$3+SUM('SPT-01'!$N$18:$N224))/2,0)*0.9 -> 69214.5 | AA208: =ROUNDDOWN(('SPT-01'!$M224*'TABELA AUXILIAR'!$J$4+SUM('SPT-01'!$O$18:$O224))/2,0)*0.9 -> 75105.9 | AB208: =ROUNDDOWN(('SPT-01'!$M224*'TABELA AUXILIAR'!$J$5+SUM('SPT-01'!$P$18:$P224))/2,0)*0.9 -> 86703.3 | AD208: 128.4 | AE208: =ROUNDDOWN(('SPT-01'!$M216*'TABELA AUXILIAR'!$J$3+SUM('SPT-01'!$N$10:$N216))/2,0)*0.9 -> 68974.2 | AF208: =ROUNDDOWN(('SPT-01'!$M216*'TABELA AUXILIAR'!$J$4+SUM('SPT-01'!$O$10:$O216))/2,0)*0.9 -> 74997.9 | AG208: =ROUNDDOWN(('SPT-01'!$M216*'TABELA AUXILIAR'!$J$5+SUM('SPT-01'!$P$10:$P216))/2,0)*0.9 -> 86964.3
U209: =ROUNDDOWN(('SPT-01'!$M233*'TABELA AUXILIAR'!$J$3+SUM('SPT-01'!$N$26:$N233))/2,0)*0.9 -> 68085 | V209: =ROUNDDOWN(('SPT-01'!$M233*'TABELA AUXILIAR'!$J$4+SUM('SPT-01'!$O$26:$O233))/2,0)*0.9 -> 73879.2 | W209: =ROUNDDOWN(('SPT-01'!$M233*'TABELA AUXILIAR'!$J$5+SUM('SPT-01'!$P$26:$P233))/2,0)*0.9 -> 85286.7 | Z209: =ROUNDDOWN(('SPT-01'!$M225*'TABELA AUXILIAR'!$J$3+SUM('SPT-01'!$N$18:$N225))/2,0)*0.9 -> 69214.5 | AA209: =ROUNDDOWN(('SPT-01'!$M225*'TABELA AUXILIAR'!$J$4+SUM('SPT-01'!$O$18:$O225))/2,0)*0.9 -> 75105.9 | AB209: =ROUNDDOWN(('SPT-01'!$M225*'TABELA AUXILIAR'!$J$5+SUM('SPT-01'!$P$18:$P225))/2,0)*0.9 -> 86703.3 | AD209: 129 | AE209: =ROUNDDOWN(('SPT-01'!$M217*'TABELA AUXILIAR'!$J$3+SUM('SPT-01'!$N$10:$N217))/2,0)*0.9 -> 69446.7 | AF209: =ROUNDDOWN(('SPT-01'!$M217*'TABELA AUXILIAR'!$J$4+SUM('SPT-01'!$O$10:$O217))/2,0)*0.9 -> 75510.9 | AG209: =ROUNDDOWN(('SPT-01'!$M217*'TABELA AUXILIAR'!$J$5+SUM('SPT-01'!$P$10:$P217))/2,0)*0.9 -> 87558.3
U210: =ROUNDDOWN(('SPT-01'!$M234*'TABELA AUXILIAR'!$J$3+SUM('SPT-01'!$N$26:$N234))/2,0)*0.9 -> 68085 | V210: =ROUNDDOWN(('SPT-01'!$M234*'TABELA AUXILIAR'!$J$4+SUM('SPT-01'!$O$26:$O234))/2,0)*0.9 -> 73879.2 | W210: =ROUNDDOWN(('SPT-01'!$M234*'TABELA AUXILIAR'!$J$5+SUM('SPT-01'!$P$26:$P234))/2,0)*0.9 -> 85286.7 | Z210: =ROUNDDOWN(('SPT-01'!$M226*'TABELA AUXILIAR'!$J$3+SUM('SPT-01'!$N$18:$N226))/2,0)*0.9 -> 69214.5 | AA210: =ROUNDDOWN(('SPT-01'!$M226*'TABELA AUXILIAR'!$J$4+SUM('SPT-01'!$O$18:$O226))/2,0)*0.9 -> 75105.9 | AB210: =ROUNDDOWN(('SPT-01'!$M226*'TABELA AUXILIAR'!$J$5+SUM('SPT-01'!$P$18:$P226))/2,0)*0.9 -> 86703.3 | AD210: 129.6 | AE210: =ROUNDDOWN(('SPT-01'!$M218*'TABELA AUXILIAR'!$J$3+SUM('SPT-01'!$N$10:$N218))/2,0)*0.9 -> 69921 | AF210: =ROUNDDOWN(('SPT-01'!$M218*'TABELA AUXILIAR'!$J$4+SUM('SPT-01'!$O$10:$O218))/2,0)*0.9 -> 76025.7 | AG210: =ROUNDDOWN(('SPT-01'!$M218*'TABELA AUXILIAR'!$J$5+SUM('SPT-01'!$P$10:$P218))/2,0)*0.9 -> 88153.2
U211: =ROUNDDOWN(('SPT-01'!$M235*'TABELA AUXILIAR'!$J$3+SUM('SPT-01'!$N$26:$N235))/2,0)*0.9 -> 68085 | V211: =ROUNDDOWN(('SPT-01'!$M235*'TABELA AUXILIAR'!$J$4+SUM('SPT-01'!$O$26:$O235))/2,0)*0.9 -> 73879.2 | W211: =ROUNDDOWN(('SPT-01'!$M235*'TABELA AUXILIAR'!$J$5+SUM('SPT-01'!$P$26:$P235))/2,0)*0.9 -> 85286.7 | Z211: =ROUNDDOWN(('SPT-01'!$M227*'TABELA AUXILIAR'!$J$3+SUM('SPT-01'!$N$18:$N227))/2,0)*0.9 -> 69214.5 | AA211: =ROUNDDOWN(('SPT-01'!$M227*'TABELA AUXILIAR'!$J$4+SUM('SPT-01'!$O$18:$O227))/2,0)*0.9 -> 75105.9 | AB211: =ROUNDDOWN(('SPT-01'!$M227*'TABELA AUXILIAR'!$J$5+SUM('SPT-01'!$P$18:$P227))/2,0)*0.9 -> 86703.3 | AD211: 130.2 | AE211: =ROUNDDOWN(('SPT-01'!$M219*'TABELA AUXILIAR'!$J$3+SUM('SPT-01'!$N$10:$N219))/2,0)*0.9 -> 70396.2 | AF211: =ROUNDDOWN(('SPT-01'!$M219*'TABELA AUXILIAR'!$J$4+SUM('SPT-01'!$O$10:$O219))/2,0)*0.9 -> 76541.4 | AG211: =ROUNDDOWN(('SPT-01'!$M219*'TABELA AUXILIAR'!$J$5+SUM('SPT-01'!$P$10:$P219))/2,0)*0.9 -> 88749.9
U212: =ROUNDDOWN(('SPT-01'!$M236*'TABELA AUXILIAR'!$J$3+SUM('SPT-01'!$N$26:$N236))/2,0)*0.9 -> 68085 | V212: =ROUNDDOWN(('SPT-01'!$M236*'TABELA AUXILIAR'!$J$4+SUM('SPT-01'!$O$26:$O236))/2,0)*0.9 -> 73879.2 | W212: =ROUNDDOWN(('SPT-01'!$M236*'TABELA AUXILIAR'!$J$5+SUM('SPT-01'!$P$26:$P236))/2,0)*0.9 -> 85286.7 | Z212: =ROUNDDOWN(('SPT-01'!$M228*'TABELA AUXILIAR'!$J$3+SUM('SPT-01'!$N$18:$N228))/2,0)*0.9 -> 69214.5 | AA212: =ROUNDDOWN(('SPT-01'!$M228*'TABELA AUXILIAR'!$J$4+SUM('SPT-01'!$O$18:$O228))/2,0)*0.9 -> 75105.9 | AB212: =ROUNDDOWN(('SPT-01'!$M228*'TABELA AUXILIAR'!$J$5+SUM('SPT-01'!$P$18:$P228))/2,0)*0.9 -> 86703.3 | AD212: 130.8 | AE212: =ROUNDDOWN(('SPT-01'!$M220*'TABELA AUXILIAR'!$J$3+SUM('SPT-01'!$N$10:$N220))/2,0)*0.9 -> 70872.3 | AF212: =ROUNDDOWN(('SPT-01'!$M220*'TABELA AUXILIAR'!$J$4+SUM('SPT-01'!$O$10:$O220))/2,0)*0.9 -> 77058.9 | AG212: =ROUNDDOWN(('SPT-01'!$M220*'TABELA AUXILIAR'!$J$5+SUM('SPT-01'!$P$10:$P220))/2,0)*0.9 -> 89347.5
U213: =ROUNDDOWN(('SPT-01'!$M237*'TABELA AUXILIAR'!$J$3+SUM('SPT-01'!$N$26:$N237))/2,0)*0.9 -> 68085 | V213: =ROUNDDOWN(('SPT-01'!$M237*'TABELA AUXILIAR'!$J$4+SUM('SPT-01'!$O$26:$O237))/2,0)*0.9 -> 73879.2 | W213: =ROUNDDOWN(('SPT-01'!$M237*'TABELA AUXILIAR'!$J$5+SUM('SPT-01'!$P$26:$P237))/2,0)*0.9 -> 85286.7 | Z213: =ROUNDDOWN(('SPT-01'!$M229*'TABELA AUXILIAR'!$J$3+SUM('SPT-01'!$N$18:$N229))/2,0)*0.9 -> 69214.5 | AA213: =ROUNDDOWN(('SPT-01'!$M229*'TABELA AUXILIAR'!$J$4+SUM('SPT-01'!$O$18:$O229))/2,0)*0.9 -> 75105.9 | AB213: =ROUNDDOWN(('SPT-01'!$M229*'TABELA AUXILIAR'!$J$5+SUM('SPT-01'!$P$18:$P229))/2,0)*0.9 -> 86703.3 | AD213: 131.4 | AE213: =ROUNDDOWN(('SPT-01'!$M221*'TABELA AUXILIAR'!$J$3+SUM('SPT-01'!$N$10:$N221))/2,0)*0.9 -> 71349.3 | AF213: =ROUNDDOWN(('SPT-01'!$M221*'TABELA AUXILIAR'!$J$4+SUM('SPT-01'!$O$10:$O221))/2,0)*0.9 -> 77577.3 | AG213: =ROUNDDOWN(('SPT-01'!$M221*'TABELA AUXILIAR'!$J$5+SUM('SPT-01'!$P$10:$P221))/2,0)*0.9 -> 89946.9
U214: =ROUNDDOWN(('SPT-01'!$M238*'TABELA AUXILIAR'!$J$3+SUM('SPT-01'!$N$26:$N238))/2,0)*0.9 -> 68085 | V214: =ROUNDDOWN(('SPT-01'!$M238*'TABELA AUXILIAR'!$J$4+SUM('SPT-01'!$O$26:$O238))/2,0)*0.9 -> 73879.2 | W214: =ROUNDDOWN(('SPT-01'!$M238*'TABELA AUXILIAR'!$J$5+SUM('SPT-01'!$P$26:$P238))/2,0)*0.9 -> 85286.7 | Z214: =ROUNDDOWN(('SPT-01'!$M230*'TABELA AUXILIAR'!$J$3+SUM('SPT-01'!$N$18:$N230))/2,0)*0.9 -> 69214.5 | AA214: =ROUNDDOWN(('SPT-01'!$M230*'TABELA AUXILIAR'!$J$4+SUM('SPT-01'!$O$18:$O230))/2,0)*0.9 -> 75105.9 | AB214: =ROUNDDOWN(('SPT-01'!$M230*'TABELA AUXILIAR'!$J$5+SUM('SPT-01'!$P$18:$P230))/2,0)*0.9 -> 86703.3 | AD214: 132 | AE214: =ROUNDDOWN(('SPT-01'!$M222*'TABELA AUXILIAR'!$J$3+SUM('SPT-01'!$N$10:$N222))/2,0)*0.9 -> 71828.1 | AF214: =ROUNDDOWN(('SPT-01'!$M222*'TABELA AUXILIAR'!$J$4+SUM('SPT-01'!$O$10:$O222))/2,0)*0.9 -> 78096.6 | AG214: =ROUNDDOWN(('SPT-01'!$M222*'TABELA AUXILIAR'!$J$5+SUM('SPT-01'!$P$10:$P222))/2,0)*0.9 -> 90548.1

Sheet SPT-01
A1: Prof_Inicial_m | B1: Prof_Final_m | C1: N1_60 | D1: Grupo_Solo | E1: Classe_SUCS | F1: Peso | G1: N60 | H1: 𝜑′𝑓 | I1: σ' p (kPa) | J1: σ' v (kPa) | K1: β | L1: qs (kPa) | M1: qp (kPa) | N1: Rs-1,2m (kN) | O1: Rs-1,3m (kN) | P1: Rs-1,5m (kN) | Q1: Rn-1,2m (kN) | R1: Rn-1,3m (kN) | S1: Rn-1,5m (kN) | T1: Radm-1,2m (kN) | U1: Radm-1,3m (kN) | V1: Radm-1,5m (kN)
A2: 0 | B2: 0.6 | C2: 34 | D2: Areias | E2: SP-SM | F2: {=_xlfn.XLOOKUP(D2,'TABELA AUXILIAR'!$A$2:$A$5,IF('SPT-01'!A2<3,'TABELA AUXILIAR'!$B$2:$B$5,'TABELA AUXILIAR'!$C$2:$C$5),"",0,1)} -> 18.5 | G2: =C2 / MIN(2, SQRT(101.3/J2)) -> 17 | H2: =27.5+9.2*LOG10(C2) -> 41.589606 | I2: =IF(D2="Areias",101.3*0.47*(G2)^0.8,101.3*0.15*(G2)) -> 459.26827 | J2: =(B2-A2)/2*F2 -> 5.55 | K2: =(1-SIN(RADIANS(H2)))*(I2/J2)^SIN(RADIANS(H2))*TAN(RADIANS(H2)) -> 5.594826 | L2: =K2*J2 -> 31.051284 | M2: =0.59*(G2*101.3/J2)^0.8*J2 -> 322.52048 | N2: =$L2*'TABELA AUXILIAR'!$I$3*(B2-A2) -> 70.051697 | O2: =$L2*'TABELA AUXILIAR'!$I$4*(B2-A2) -> 76.013544 | P2: =$L2*'TABELA AUXILIAR'!$I$5*(B2-A2) -> 87.75093 | Q2: =$M2*'TABELA AUXILIAR'!$J$3+SUM(N$2:N2) -> 434.49984 | R2: =$M2*'TABELA AUXILIAR'!$J$4+SUM(O$2:O2) -> 501.74058 | S2: =$M2*'TABELA AUXILIAR'!$J$5+SUM(P$2:P2) -> 655.38698 | T2: =ROUNDDOWN(Q2/2,0) -> 217 | U2: =ROUNDDOWN(R2/2,0) -> 250 | V2: =ROUNDDOWN(S2/2,0) -> 327
A3: 0.6 | B3: 1.2 | C3: 50 | D3: Areias | E3: SP-SM | F3: {=_xlfn.XLOOKUP(D3,'TABELA AUXILIAR'!$A$2:$A$5,IF('SPT-01'!A3<3,'TABELA AUXILIAR'!$B$2:$B$5,'TABELA AUXILIAR'!$C$2:$C$5),"",0,1)} -> 18.5 | G3: =C3 / MIN(2, SQRT(101.3/J3)) -> 25 | H3: =27.5+9.2*LOG10(C3) -> 43.130524 | I3: =IF(D3="Areias",101.3*0.47*(G3)^0.8,101.3*0.15*(G3)) -> 625.25808 | J3: =J2+(B2-A2)/2*F2+(B3-A3)/2*F3 -> 16.65 | K3: =(1-SIN(RADIANS(H3)))*(I3/J3)^SIN(RADIANS(H3))*TAN(RADIANS(H3)) -> 3.5343992 | L3: =K3*J3 -> 58.847746 | M3: =0.59*(G3*101.3/J3)^0.8*J3 -> 546.98375 | N3: =$L3*'TABELA AUXILIAR'!$I$3*(B3-A3) -> 132.76052 | O3: =$L3*'TABELA AUXILIAR'!$I$4*(B3-A3) -> 144.05928 | P3: =$L3*'TABELA AUXILIAR'!$I$5*(B3-A3) -> 166.30373 | Q3: =$M3*'TABELA AUXILIAR'!$J$3+SUM(N$2:N3) -> 820.90385 | R3: =$M3*'TABELA AUXILIAR'!$J$4+SUM(O$2:O3) -> 942.09137 | S3: =$M3*'TABELA AUXILIAR'!$J$5+SUM(P$2:P3) -> 1216.7461 | T3: =ROUNDDOWN(Q3/2,0) -> 410 | U3: =ROUNDDOWN(R3/2,0) -> 471 | V3: =ROUNDDOWN(S3/2,0) -> 608
A4: 1.2 | B4: 1.8 | C4: 21 | D4: Areias | E4: SP-SM | F4: {=_xlfn.XLOOKUP(D4,'TABELA AUXILIAR'!$A$2:$A$5,IF('SPT-01'!A4<3,'TABELA AUXILIAR'!$B$2:$B$5,'TABELA AUXILIAR'!$C$2:$C$5),"",0,1)} -> 18.5 | G4: =C4 / MIN(2, SQRT(101.3/J4)) -> 10.991224 | H4: =27.5+9.2*LOG10(C4) -> 39.664418 | I4: =IF(D4="Areias",101.3*0.47*(G4)^0.8,101.3*0.15*(G4)) -> 323.99936 | J4: =J3+(B3-A3)/2*F3+(B4-A4)/2*F4 -> 27.75 | K4: =(1-SIN(RADIANS(H4)))*(I4/J4)^SIN(RADIANS(H4))*TAN(RADIANS(H4)) -> 1.4395862 | L4: =K4*J4 -> 39.948517 | M4: =0.59*(G4*101.3/J4)^0.8*J4 -> 313.92725 | N4: =$L4*'TABELA AUXILIAR'!$I$3*(B4-A4) -> 90.123855 | O4: =$L4*'TABELA AUXILIAR'!$I$4*(B4-A4) -> 97.79397 | P4: =$L4*'TABELA AUXILIAR'!$I$5*(B4-A4) -> 112.89451 | Q4: =$M4*'TABELA AUXILIAR'!$J$3+SUM(N$2:N4) -> 647.67386 | R4: =$M4*'TABELA AUXILIAR'!$J$4+SUM(O$2:O4) -> 732.25077 | S4: =$M4*'TABELA AUXILIAR'!$J$5+SUM(P$2:P4) -> 919.46113 | T4: =ROUNDDOWN(Q4/2,0) -> 323 | U4: =ROUNDDOWN(R4/2,0) -> 366 | V4: =ROUNDDOWN(S4/2,0) -> 459
A5: 1.8 | B5: 2.4 | C5: 16 | D5: Areias | E5: SM | F5: {=_xlfn.XLOOKUP(D5,'TABELA AUXILIAR'!$A$2:$A$5,IF('SPT-01'!A5<3,'TABELA AUXILIAR'!$B$2:$B$5,'TABELA AUXILIAR'!$C$2:$C$5),"",0,1)} -> 18.5 | G5: =C5 / MIN(2, SQRT(101.3/J5)) -> 9.9085652 | H5: =27.5+9.2*LOG10(C5) -> 38.577904 | I5: =IF(D5="Areias",101.3*0.47*(G5)^0.8,101.3*0.15*(G5)) -> 298.20569 | J5: =J4+(B4-A4)/2*F4+(B5-A5)/2*F5 -> 38.85 | K5: =(1-SIN(RADIANS(H5)))*(I5/J5)^SIN(RADIANS(H5))*TAN(RADIANS(H5)) -> 1.0701293 | L5: =K5*J5 -> 41.574523 | M5: =0.59*(G5*101.3/J5)^0.8*J5 -> 309.04832 | N5: =$L5*'TABELA AUXILIAR'!$I$3*(B5-A5) -> 93.792124 | O5: =$L5*'TABELA AUXILIAR'!$I$4*(B5-A5) -> 101.77443 | P5: =$L5*'TABELA AUXILIAR'!$I$5*(B5-A5) -> 117.4896 | Q5: =$M5*'TABELA AUXILIAR'!$J$3+SUM(N$2:N5) -> 735.9528 | R5: =$M5*'TABELA AUXILIAR'!$J$4+SUM(O$2:O5) -> 827.58502 | S5: =$M5*'TABELA AUXILIAR'!$J$5+SUM(P$2:P5) -> 1028.3638 | T5: =ROUNDDOWN(Q5/2,0) -> 367 | U5: =ROUNDDOWN(R5/2,0) -> 413 | V5: =ROUNDDOWN(S5/2,0) -> 514
A6: 2.4 | B6: 3 | C6: 27 | D6: Areias | E6: SM | F6: {=_xlfn.XLOOKUP(D6,'TABELA AUXILIAR'!$A$2:$A$5,IF('SPT-01'!A6<3,'TABELA AUXILIAR'!$B$2:$B$5,'TABELA AUXILIAR'!$C$2:$C$5),"",0,1)} -> 18.5 | G6: =C6 / MIN(2, SQRT(101.3/J6)) -> 18.959496 | H6: =27.5+9.2*LOG10(C6) -> 40.668547 | I6: =IF(D6="Areias",101.3*0.47*(G6)^0.8,101.3*0.15*(G6)) -> 501.15115 | J6: =J5+(B5-A5)/2*F5+(B6-A6)/2*F6 -> 49.95 | K6: =(1-SIN(RADIANS(H6)))*(I6/J6)^SIN(RADIANS(H6))*TAN(RADIANS(H6)) -> 1.3448585 | L6: =K6*J6 -> 67.175682 | M6: =0.59*(G6*101.3/J6)^0.8*J6 -> 546.14517 | N6: =$L6*'TABELA AUXILIAR'!$I$3*(B6-A6) -> 151.54834 | O6: =$L6*'TABELA AUXILIAR'!$I$4*(B6-A6) -> 164.44607 | P6: =$L6*'TABELA AUXILIAR'!$I$5*(B6-A6) -> 189.83848 | Q6: =$M6*'TABELA AUXILIAR'!$J$3+SUM(N$2:N6) -> 1155.4206 | R6: =$M6*'TABELA AUXILIAR'!$J$4+SUM(O$2:O6) -> 1304.9989 | S6: =$M6*'TABELA AUXILIAR'!$J$5+SUM(P$2:P6) -> 1635.4927 | T6: =ROUNDDOWN(Q6/2,0) -> 577 | U6: =ROUNDDOWN(R6/2,0) -> 652 | V6: =ROUNDDOWN(S6/2,0) -> 817
A7: 3 | B7: 3.6 | C7: 26 | D7: Areias | E7: SM | F7: {=_xlfn.XLOOKUP(D7,'TABELA AUXILIAR'!$A$2:$A$5,IF('SPT-01'!A7<3,'TABELA AUXILIAR'!$B$2:$B$5,'TABELA AUXILIAR'!$C$2:$C$5),"",0,1)} -> 8.5 | G7: =C7 / MIN(2, SQRT(101.3/J7)) -> 19.682023 | H7: =27.5+9.2*LOG10(C7) -> 40.517755 | I7: =IF(D7="Areias",101.3*0.47*(G7)^0.8,101.3*0.15*(G7)) -> 516.37249 | J7: =J6+(B6-A6)/2*F6+(B7-A7)/2*F7 -> 58.05 | K7: =(1-SIN(RADIANS(H7)))*(I7/J7)^SIN(RADIANS(H7))*TAN(RADIANS(H7)) -> 1.2384718 | L7: =K7*J7 -> 71.893285 | M7: =0.59*(G7*101.3/J7)^0.8*J7 -> 579.9036 | N7: =$L7*'TABELA AUXILIAR'!$I$3*(B7-A7) -> 162.19125 | O7: =$L7*'TABELA AUXILIAR'!$I$4*(B7-A7) -> 175.99476 | P7: =$L7*'TABELA AUXILIAR'!$I$5*(B7-A7) -> 203.17042 | Q7: =$M7*'TABELA AUXILIAR'!$J$3+SUM(N$2:N7) -> 1355.7588 | R7: =$M7*'TABELA AUXILIAR'!$J$4+SUM(O$2:O7) -> 1525.5548 | S7: =$M7*'TABELA AUXILIAR'!$J$5+SUM(P$2:P7) -> 1898.078 | T7: =ROUNDDOWN(Q7/2,0) -> 677 | U7: =ROUNDDOWN(R7/2,0) -> 762 | V7: =ROUNDDOWN(S7/2,0) -> 949
A8: 3.6 | B8: 4.2 | C8: 47 | D8: Gravas | E8: GP | F8: {=_xlfn.XLOOKUP(D8,'TABELA AUXILIAR'!$A$2:$A$5,IF('SPT-01'!A8<3,'TABELA AUXILIAR'!$B$2:$B$5,'TABELA AUXILIAR'!$C$2:$C$5),"",0,1)} -> 10.5 | G8: =C8 / MIN(2, SQRT(101.3/J8)) -> 37.284921 | H8: =27.5+9.2*LOG10(C8) -> 42.8833 | I8: =IF(D8="Areias",101.3*0.47*(G8)^0.8,101.3*0.15*(G8)) -> 566.54438 | J8: =J7+(B7-A7)/2*F7+(B8-A8)/2*F8 -> 63.75 | K8: =(1-SIN(RADIANS(H8)))*(I8/J8)^SIN(RADIANS(H8))*TAN(RADIANS(H8)) -> 1.3121302 | L8: =K8*J8 -> 83.6483 | M8: =0.59*(G8*101.3/J8)^0.8*J8 -> 985.05888 | N8: =$L8*'TABELA AUXILIAR'!$I$3*(B8-A8) -> 188.71056 | O8: =$L8*'TABELA AUXILIAR'!$I$4*(B8-A8) -> 204.77104 | P8: =$L8*'TABELA AUXILIAR'!$I$5*(B8-A8) -> 236.3901 | Q8: =$M8*'TABELA AUXILIAR'!$J$3+SUM(N$2:N8) -> 2002.2949 | R8: =$M8*'TABELA AUXILIAR'!$J$4+SUM(O$2:O8) -> 2265.1308 | S8: =$M8*'TABELA AUXILIAR'!$J$5+SUM(P$2:P8) -> 2847.5414 | T8: =ROUNDDOWN(Q8/2,0) -> 1001 | U8: =ROUNDDOWN(R8/2,0) -> 1132 | V8: =ROUNDDOWN(S8/2,0) -> 1423
A9: 4.2 | B9: 4.8 | C9: 50 | D9: Gravas | E9: GP | F9: {=_xlfn.XLOOKUP(D9,'TABELA AUXILIAR'!$A$2:$A$5,IF('SPT-01'!A9<3,'TABELA AUXILIAR'!$B$2:$B$5,'TABELA AUXILIAR'!$C$2:$C$5),"",0,1)} -> 10.5 | G9: =C9 / MIN(2, SQRT(101.3/J9)) -> 41.578551 | H9: =27.5+9.2*LOG10(C9) -> 43.130524 | I9: =IF(D9="Areias",101.3*0.47*(G9)^0.8,101.3*0.15*(G9)) -> 631.78608 | J9: =J8+(B8-A8)/2*F8+(B9-A9)/2*F9 -> 70.05 | K9: =(1-SIN(RADIANS(H9)))*(I9/J9)^SIN(RADIANS(H9))*TAN(RADIANS(H9)) -> 1.3329016 | L9: =K9*J9 -> 93.369758 | M9: =0.59*(G9*101.3/J9)^0.8*J9 -> 1095.2586 | N9: =$L9*'TABELA AUXILIAR'!$I$3*(B9-A9) -> 210.64217 | O9: =$L9*'TABELA AUXILIAR'!$I$4*(B9-A9) -> 228.56917 | P9: =$L9*'TABELA AUXILIAR'!$I$5*(B9-A9) -> 263.86293 | Q9: =$M9*'TABELA AUXILIAR'!$J$3+SUM(N$2:N9) -> 2337.4628 | R9: =$M9*'TABELA AUXILIAR'!$J$4+SUM(O$2:O9) -> 2639.1636 | S9: =$M9*'TABELA AUXILIAR'!$J$5+SUM(P$2:P9) -> 3305.3559 | T9: =ROUNDDOWN(Q9/2,0) -> 1168 | U9: =ROUNDDOWN(R9/2,0) -> 1319 | V9: =ROUNDDOWN(S9/2,0) -> 1652
A10: 4.8 | B10: 5.4 | C10: 17 | D10: Gravas | E10: GP | F10: {=_xlfn.XLOOKUP(D10,'TABELA AUXILIAR'!$A$2:$A$5,IF('SPT-01'!A10<3,'TABELA AUXILIAR'!$B$2:$B$5,'TABELA AUXILIAR'!$C$2:$C$5),"",0,1)} -> 10.5 | G10: =C10 / MIN(2, SQRT(101.3/J10)) -> 14.758721 | H10: =27.5+9.2*LOG10(C10) -> 38.82013 | I10: =IF(D10="Areias",101.3*0.47*(G10)^0.8,101.3*0.15*(G10)) -> 224.25876 | J10: =J9+(B9-A9)/2*F9+(B10-A10)/2*F10 -> 76.35 | K10: =(1-SIN(RADIANS(H10)))*(I10/J10)^SIN(RADIANS(H10))*TAN(RADIANS(H10)) -> 0.58989173 | L10: =K10*J10 -> 45.038234 | M10: =0.59*(G10*101.3/J10)^0.8*J10 -> 486.56442 | N10: =$L10*'TABELA AUXILIAR'!$I$3*(B10-A10) -> 101.60626 | O10: =$L10*'TABELA AUXILIAR'!$I$4*(B10-A10) -> 110.2536 | P10: =$L10*'TABELA AUXILIAR'!$I$5*(B10-A10) -> 127.27805 | Q10: =$M10*'TABELA AUXILIAR'!$J$3+SUM(N$2:N10) -> 1751.2446 | R10: =$M10*'TABELA AUXILIAR'!$J$4+SUM(O$2:O10) -> 1945.9409 | S10: =$M10*'TABELA AUXILIAR'!$J$5+SUM(P$2:P10) -> 2361.3321 | T10: =ROUNDDOWN(Q10/2,0) -> 875 | U10: =ROUNDDOWN(R10/2,0) -> 972 | V10: =ROUNDDOWN(S10/2,0) -> 1180
A11: 5.4 | B11: 6 | C11: 32 | D11: Gravas | E11: GP | F11: {=_xlfn.XLOOKUP(D11,'TABELA AUXILIAR'!$A$2:$A$5,IF('SPT-01'!A11<3,'TABELA AUXILIAR'!$B$2:$B$5,'TABELA AUXILIAR'!$C$2:$C$5),"",0,1)} -> 10.5 | G11: =C11 / MIN(2, SQRT(101.3/J11)) -> 28.904581 | H11: =27.5+9.2*LOG10(C11) -> 41.34738 | I11: =IF(D11="Areias",101.3*0.47*(G11)^0.8,101.3*0.15*(G11)) -> 439.20511 | J11: =J10+(B10-A10)/2*F10+(B11-A11)/2*F11 -> 82.65 | K11: =(1-SIN(RADIANS(H11)))*(I11/J11)^SIN(RADIANS(H11))*TAN(RADIANS(H11)) -> 0.90030841 | L11: =K11*J11 -> 74.41049 | M11: =0.59*(G11*101.3/J11)^0.8*J11 -> 846.37239 | N11: =$L11*'TABELA AUXILIAR'!$I$3*(B11-A11) -> 167.87007 | O11: =$L11*'TABELA AUXILIAR'!$I$4*(B11-A11) -> 182.15688 | P11: =$L11*'TABELA AUXILIAR'!$I$5*(B11-A11) -> 210.28405 | Q11: =$M11*'TABELA AUXILIAR'!$J$3+SUM(N$2:N11) -> 2325.6976 | R11: =$M11*'TABELA AUXILIAR'!$J$4+SUM(O$2:O11) -> 2603.0443 | S11: =$M11*'TABELA AUXILIAR'!$J$5+SUM(P$2:P11) -> 3204.8782 | T11: =ROUNDDOWN(Q11/2,0) -> 1162 | U11: =ROUNDDOWN(R11/2,0) -> 1301 | V11: =ROUNDDOWN(S11/2,0) -> 1602
A12: 6 | B12: 6.6 | C12: 50 | D12: Gravas | E12: GP | F12: {=_xlfn.XLOOKUP(D12,'TABELA AUXILIAR'!$A$2:$A$5,IF('SPT-01'!A12<3,'TABELA AUXILIAR'!$B$2:$B$5,'TABELA AUXILIAR'!$C$2:$C$5),"",0,1)} -> 10.5 | G12: =C12 / MIN(2, SQRT(101.3/J12)) -> 46.853092 | H12: =27.5+9.2*LOG10(C12) -> 43.130524 | I12: =IF(D12="Areias",101.3*0.47*(G12)^0.8,101.3*0.15*(G12)) -> 711.93273 | J12: =J11+(B11-A11)/2*F11+(B12-A12)/2*F12 -> 88.95 | K12: =(1-SIN(RADIANS(H12)))*(I12/J12)^SIN(RADIANS(H12))*TAN(RADIANS(H12)) -> 1.2283928 | L12: =K12*J12 -> 109.26554 | M12: =0.59*(G12*101.3/J12)^0.8*J12 -> 1264.0358 | N12: =$L12*'TABELA AUXILIAR'!$I$3*(B12-A12) -> 246.50305 | O12: =$L12*'TABELA AUXILIAR'!$I$4*(B12-A12) -> 267.48204 | P12: =$L12*'TABELA AUXILIAR'!$I$5*(B12-A12) -> 308.78441 | Q12: =$M12*'TABELA AUXILIAR'!$J$3+SUM(N$2:N12) -> 3044.1603 | R12: =$M12*'TABELA AUXILIAR'!$J$4+SUM(O$2:O12) -> 3421.842 | S12: =$M12*'TABELA AUXILIAR'!$J$5+SUM(P$2:P12) -> 4248.7502 | T12: =ROUNDDOWN(Q12/2,0) -> 1522 | U12: =ROUNDDOWN(R12/2,0) -> 1710 | V12: =ROUNDDOWN(S12/2,0) -> 2124
A13: 6.6 | B13: 7.2 | C13: 50 | D13: Gravas | E13: GP | F13: {=_xlfn.XLOOKUP(D13,'TABELA AUXILIAR'!$A$2:$A$5,IF('SPT-01'!A13<3,'TABELA AUXILIAR'!$B$2:$B$5,'TABELA AUXILIAR'!$C$2:$C$5),"",0,1)} -> 10.5 | G13: =C13 / MIN(2, SQRT(101.3/J13)) -> 48.483925 | H13: =27.5+9.2*LOG10(C13) -> 43.130524 | I13: =IF(D13="Areias",101.3*0.47*(G13)^0.8,101.3*0.15*(G13)) -> 736.71325 | J13: =J12+(B12-A12)/2*F12+(B13-A13)/2*F13 -> 95.25 | K13: =(1-SIN(RADIANS(H13)))*(I13/J13)^SIN(RADIANS(H13))*TAN(RADIANS(H13)) -> 1.199992 | L13: =K13*J13 -> 114.29924 | M13: =0.59*(G13*101.3/J13)^0.8*J13 -> 1317.0152 | N13: =$L13*'TABELA AUXILIAR'!$I$3*(B13-A13) -> 257.85909 | O13: =$L13*'TABELA AUXILIAR'!$I$4*(B13-A13) -> 279.80454 | P13: =$L13*'TABELA AUXILIAR'!$I$5*(B13-A13) -> 323.00965 | Q13: =$M13*'TABELA AUXILIAR'!$J$3+SUM(N$2:N13) -> 3361.8861 | R13: =$M13*'TABELA AUXILIAR'!$J$4+SUM(O$2:O13) -> 3771.5794 | S13: =$M13*'TABELA AUXILIAR'!$J$5+SUM(P$2:P13) -> 4665.0036 | T13: =ROUNDDOWN(Q13/2,0) -> 1680 | U13: =ROUNDDOWN(R13/2,0) -> 1885 | V13: =ROUNDDOWN(S13/2,0) -> 2332
A14: 7.2 | B14: 7.8 | C14: 42 | D14: Gravas | E14: GP | F14: {=_xlfn.XLOOKUP(D14,'TABELA AUXILIAR'!$A$2:$A$5,IF('SPT-01'!A14<3,'TABELA AUXILIAR'!$B$2:$B$5,'TABELA AUXILIAR'!$C$2:$C$5),"",0,1)} -> 10.5 | G14: =C14 / MIN(2, SQRT(101.3/J14)) -> 42.051794 | H14: =27.5+9.2*LOG10(C14) -> 42.433893 | I14: =IF(D14="Areias",101.3*0.47*(G14)^0.8,101.3*0.15*(G14)) -> 638.97701 | J14: =J13+(B13-A13)/2*F13+(B14-A14)/2*F14 -> 101.55 | K14: =(1-SIN(RADIANS(H14)))*(I14/J14)^SIN(RADIANS(H14))*TAN(RADIANS(H14)) -> 1.02864 | L14: =K14*J14 -> 104.45839 | M14: =0.59*(G14*101.3/J14)^0.8*J14 -> 1190.4281 | N14: =$L14*'TABELA AUXILIAR'!$I$3*(B14-A14) -> 235.65813 | O14: =$L14*'TABELA AUXILIAR'!$I$4*(B14-A14) -> 255.71414 | P14: =$L14*'TABELA AUXILIAR'!$I$5*(B14-A14) -> 295.19941 | Q14: =$M14*'TABELA AUXILIAR'!$J$3+SUM(N$2:N14) -> 3454.5009 | R14: =$M14*'TABELA AUXILIAR'!$J$4+SUM(O$2:O14) -> 3860.1986 | S14: =$M14*'TABELA AUXILIAR'!$J$5+SUM(P$2:P14) -> 4737.4098 | T14: =ROUNDDOWN(Q14/2,0) -> 1727 | U14: =ROUNDDOWN(R14/2,0) -> 1930 | V14: =ROUNDDOWN(S14/2,0) -> 2368
... A75: 43.8 | B75: 44.4 | C75: 28 | D75: Areias | E75: SP | F75: {=_xlfn.XLOOKUP(D75,'TABELA AUXILIAR'!$A$2:$A$5,IF('SPT-01'!A75<3,'TABELA AUXILIAR'!$B$2:$B$5,'TABELA AUXILIAR'!$C$2:$C$5),"",0,1)} -> 8.5 | G75: =C75 / MIN(2, SQRT(101.3/J75)) -> 59.357867 | H75: =27.5+9.2*LOG10(C75) -> 40.813854 | I75: =IF(D75="Areias",101.3*0.47*(G75)^0.8,101.3*0.15*(G75)) -> 1248.7915 | J75: =J74+(B74-A74)/2*F74+(B75-A75)/2*F75 -> 455.25 | K75: =(1-SIN(RADIANS(H75)))*(I75/J75)^SIN(RADIANS(H75))*TAN(RADIANS(H75)) -> 0.57852303 | L75: =K75*J75 -> 263.37261 | M75: =0.59*(G75*101.3/J75)^0.8*J75 -> 2117.2502 | N75: =$L75*'TABELA AUXILIAR'!$I$3*(B75-A75) -> 594.16861 | O75: =$L75*'TABELA AUXILIAR'!$I$4*(B75-A75) -> 644.73615 | P75: =$L75*'TABELA AUXILIAR'!$I$5*(B75-A75) -> 744.29099 | Q75: =$M75*'TABELA AUXILIAR'!$J$3+SUM(N$2:N75) -> 36376.499 | R75: =$M75*'TABELA AUXILIAR'!$J$4+SUM(O$2:O75) -> 39671.032 | S75: =$M75*'TABELA AUXILIAR'!$J$5+SUM(P$2:P75) -> 46296.751 | T75: =ROUNDDOWN(Q75/2,0) -> 18188 | U75: =ROUNDDOWN(R75/2,0) -> 19835 | V75: =ROUNDDOWN(S75/2,0) -> 23148
A76: 44.4 | B76: 45 | C76: =ROUNDDOWN(_xlfn.PERCENTILE.INC($C$1:$C$75,0.15),0) -> 27 | D76: Areias | E76: SP | F76: {=_xlfn.XLOOKUP(D76,'TABELA AUXILIAR'!$A$2:$A$5,IF('SPT-01'!A76<3,'TABELA AUXILIAR'!$B$2:$B$5,'TABELA AUXILIAR'!$C$2:$C$5),"",0,1)} -> 8.5 | G76: =C76 / MIN(2, SQRT(101.3/J76)) -> 57.557658 | H76: =27.5+9.2*LOG10(C76) -> 40.668547 | I76: =IF(D76="Areias",101.3*0.47*(G76)^0.8,101.3*0.15*(G76)) -> 1218.3997 | J76: =J75+(B75-A75)/2*F75+(B76-A76)/2*F76 -> 460.35 | K76: =(1-SIN(RADIANS(H76)))*(I76/J76)^SIN(RADIANS(H76))*TAN(RADIANS(H76)) -> 0.56432275 | L76: =K76*J76 -> 259.78598 | M76: =0.59*(G76*101.3/J76)^0.8*J76 -> 2070.3305 | N76: =$L76*'TABELA AUXILIAR'!$I$3*(B76-A76) -> 586.07717 | O76: =$L76*'TABELA AUXILIAR'!$I$4*(B76-A76) -> 635.95608 | P76: =$L76*'TABELA AUXILIAR'!$I$5*(B76-A76) -> 734.15518 | Q76: =$M76*'TABELA AUXILIAR'!$J$3+SUM(N$2:N76) -> 36909.557 | R76: =$M76*'TABELA AUXILIAR'!$J$4+SUM(O$2:O76) -> 40245.055 | S76: =$M76*'TABELA AUXILIAR'!$J$5+SUM(P$2:P76) -> 46948.328 | T76: =ROUNDDOWN(Q76/2,0) -> 18454 | U76: =ROUNDDOWN(R76/2,0) -> 20122 | V76: =ROUNDDOWN(S76/2,0) -> 23474
A77: 45 | B77: 45.6 | C77: =ROUNDDOWN(_xlfn.PERCENTILE.INC($C$1:$C$75,0.15),0) -> 27 | D77: Areias | E77: SP | F77: {=_xlfn.XLOOKUP(D77,'TABELA AUXILIAR'!$A$2:$A$5,IF('SPT-01'!A77<3,'TABELA AUXILIAR'!$B$2:$B$5,'TABELA AUXILIAR'!$C$2:$C$5),"",0,1)} -> 8.5 | G77: =C77 / MIN(2, SQRT(101.3/J77)) -> 57.875607 | H77: =27.5+9.2*LOG10(C77) -> 40.668547 | I77: =IF(D77="Areias",101.3*0.47*(G77)^0.8,101.3*0.15*(G77)) -> 1223.7811 | J77: =J76+(B76-A76)/2*F76+(B77-A77)/2*F77 -> 465.45 | K77: =(1-SIN(RADIANS(H77)))*(I77/J77)^SIN(RADIANS(H77))*TAN(RADIANS(H77)) -> 0.56189689 | L77: =K77*J77 -> 261.53491 | M77: =0.59*(G77*101.3/J77)^0.8*J77 -> 2084.0619 | N77: =$L77*'TABELA AUXILIAR'!$I$3*(B77-A77) -> 590.02275 | O77: =$L77*'TABELA AUXILIAR'!$I$4*(B77-A77) -> 640.23745 | P77: =$L77*'TABELA AUXILIAR'!$I$5*(B77-A77) -> 739.09764 | Q77: =$M77*'TABELA AUXILIAR'!$J$3+SUM(N$2:N77) -> 37515.096 | R77: =$M77*'TABELA AUXILIAR'!$J$4+SUM(O$2:O77) -> 40903.417 | S77: =$M77*'TABELA AUXILIAR'!$J$5+SUM(P$2:P77) -> 47711.593 | T77: =ROUNDDOWN(Q77/2,0) -> 18757 | U77: =ROUNDDOWN(R77/2,0) -> 20451 | V77: =ROUNDDOWN(S77/2,0) -> 23855
A78: 45.6 | B78: 46.2 | C78: =ROUNDDOWN(_xlfn.PERCENTILE.INC($C$1:$C$75,0.15),0) -> 27 | D78: Areias | E78: SP | F78: {=_xlfn.XLOOKUP(D78,'TABELA AUXILIAR'!$A$2:$A$5,IF('SPT-01'!A78<3,'TABELA AUXILIAR'!$B$2:$B$5,'TABELA AUXILIAR'!$C$2:$C$5),"",0,1)} -> 8.5 | G78: =C78 / MIN(2, SQRT(101.3/J78)) -> 58.191819 | H78: =27.5+9.2*LOG10(C78) -> 40.668547 | I78: =IF(D78="Areias",101.3*0.47*(G78)^0.8,101.3*0.15*(G78)) -> 1229.1273 | J78: =J77+(B77-A77)/2*F77+(B78-A78)/2*F78 -> 470.55 | K78: =(1-SIN(RADIANS(H78)))*(I78/J78)^SIN(RADIANS(H78))*TAN(RADIANS(H78)) -> 0.55950771 | L78: =K78*J78 -> 263.27636 | M78: =0.59*(G78*101.3/J78)^0.8*J78 -> 2097.7333 | N78: =$L78*'TABELA AUXILIAR'!$I$3*(B78-A78) -> 593.95146 | O78: =$L78*'TABELA AUXILIAR'!$I$4*(B78-A78) -> 644.50052 | P78: =$L78*'TABELA AUXILIAR'!$I$5*(B78-A78) -> 744.01898 | Q78: =$M78*'TABELA AUXILIAR'!$J$3+SUM(N$2:N78) -> 38124.496 | R78: =$M78*'TABELA AUXILIAR'!$J$4+SUM(O$2:O78) -> 41565.964 | S78: =$M78*'TABELA AUXILIAR'!$J$5+SUM(P$2:P78) -> 48479.673 | T78: =ROUNDDOWN(Q78/2,0) -> 19062 | U78: =ROUNDDOWN(R78/2,0) -> 20782 | V78: =ROUNDDOWN(S78/2,0) -> 24239
A79: 46.2 | B79: 46.8 | C79: =ROUNDDOWN(_xlfn.PERCENTILE.INC($C$1:$C$75,0.15),0) -> 27 | D79: Areias | E79: SP | F79: {=_xlfn.XLOOKUP(D79,'TABELA AUXILIAR'!$A$2:$A$5,IF('SPT-01'!A79<3,'TABELA AUXILIAR'!$B$2:$B$5,'TABELA AUXILIAR'!$C$2:$C$5),"",0,1)} -> 8.5 | G79: =C79 / MIN(2, SQRT(101.3/J79)) -> 58.506321 | H79: =27.5+9.2*LOG10(C79) -> 40.668547 | I79: =IF(D79="Areias",101.3*0.47*(G79)^0.8,101.3*0.15*(G79)) -> 1234.4387 | J79: =J78+(B78-A78)/2*F78+(B79-A79)/2*F79 -> 475.65 | K79: =(1-SIN(RADIANS(H79)))*(I79/J79)^SIN(RADIANS(H79))*TAN(RADIANS(H79)) -> 0.55715429 | L79: =K79*J79 -> 265.01044 | M79: =0.59*(G79*101.3/J79)^0.8*J79 -> 2111.3455 | N79: =$L79*'TABELA AUXILIAR'!$I$3*(B79-A79) -> 597.86355 | O79: =$L79*'TABELA AUXILIAR'!$I$4*(B79-A79) -> 648.74556 | P79: =$L79*'TABELA AUXILIAR'!$I$5*(B79-A79) -> 748.9195 | Q79: =$M79*'TABELA AUXILIAR'!$J$3+SUM(N$2:N79) -> 38737.742 | R79: =$M79*'TABELA AUXILIAR'!$J$4+SUM(O$2:O79) -> 42232.678 | S79: =$M79*'TABELA AUXILIAR'!$J$5+SUM(P$2:P79) -> 49252.55 | T79: =ROUNDDOWN(Q79/2,0) -> 19368 | U79: =ROUNDDOWN(R79/2,0) -> 21116 | V79: =ROUNDDOWN(S79/2,0) -> 24626
A80: 46.8 | B80: 47.4 | C80: =ROUNDDOWN(_xlfn.PERCENTILE.INC($C$1:$C$75,0.15),0) -> 27 | D80: Areias | E80: SP | F80: {=_xlfn.XLOOKUP(D80,'TABELA AUXILIAR'!$A$2:$A$5,IF('SPT-01'!A80<3,'TABELA AUXILIAR'!$B$2:$B$5,'TABELA AUXILIAR'!$C$2:$C$5),"",0,1)} -> 8.5 | G80: =C80 / MIN(2, SQRT(101.3/J80)) -> 58.819142 | H80: =27.5+9.2*LOG10(C80) -> 40.668547 | I80: =IF(D80="Areias",101.3*0.47*(G80)^0.8,101.3*0.15*(G80)) -> 1239.7161 | J80: =J79+(B79-A79)/2*F79+(B80-A80)/2*F80 -> 480.75 | K80: =(1-SIN(RADIANS(H80)))*(I80/J80)^SIN(RADIANS(H80))*TAN(RADIANS(H80)) -> 0.55483571 | L80: =K80*J80 -> 266.73727 | M80: =0.59*(G80*101.3/J80)^0.8*J80 -> 2124.8994 | N80: =$L80*'TABELA AUXILIAR'!$I$3*(B80-A80) -> 601.75928 | O80: =$L80*'TABELA AUXILIAR'!$I$4*(B80-A80) -> 652.97284 | P80: =$L80*'TABELA AUXILIAR'!$I$5*(B80-A80) -> 753.79952 | Q80: =$M80*'TABELA AUXILIAR'!$J$3+SUM(N$2:N80) -> 39354.817 | R80: =$M80*'TABELA AUXILIAR'!$J$4+SUM(O$2:O80) -> 42903.542 | S80: =$M80*'TABELA AUXILIAR'!$J$5+SUM(P$2:P80) -> 50030.205 | T80: =ROUNDDOWN(Q80/2,0) -> 19677 | U80: =ROUNDDOWN(R80/2,0) -> 21451 | V80: =ROUNDDOWN(S80/2,0) -> 25015
A81: 47.4 | B81: 48 | C81: =ROUNDDOWN(_xlfn.PERCENTILE.INC($C$1:$C$75,0.15),0) -> 27 | D81: Areias | E81: SP | F81: {=_xlfn.XLOOKUP(D81,'TABELA AUXILIAR'!$A$2:$A$5,IF('SPT-01'!A81<3,'TABELA AUXILIAR'!$B$2:$B$5,'TABELA AUXILIAR'!$C$2:$C$5),"",0,1)} -> 8.5 | G81: =C81 / MIN(2, SQRT(101.3/J81)) -> 59.130309 | H81: =27.5+9.2*LOG10(C81) -> 40.668547 | I81: =IF(D81="Areias",101.3*0.47*(G81)^0.8,101.3*0.15*(G81)) -> 1244.9601 | J81: =J80+(B80-A80)/2*F80+(B81-A81)/2*F81 -> 485.85 | K81: =(1-SIN(RADIANS(H81)))*(I81/J81)^SIN(RADIANS(H81))*TAN(RADIANS(H81)) -> 0.5525511 | L81: =K81*J81 -> 268.45695 | M81: =0.59*(G81*101.3/J81)^0.8*J81 -> 2138.396 | N81: =$L81*'TABELA AUXILIAR'!$I$3*(B81-A81) -> 605.63888 | O81: =$L81*'TABELA AUXILIAR'!$I$4*(B81-A81) -> 657.18262 | P81: =$L81*'TABELA AUXILIAR'!$I$5*(B81-A81) -> 758.65934 | Q81: =$M81*'TABELA AUXILIAR'!$J$3+SUM(N$2:N81) -> 39975.707 | R81: =$M81*'TABELA AUXILIAR'!$J$4+SUM(O$2:O81) -> 43578.54 | S81: =$M81*'TABELA AUXILIAR'!$J$5+SUM(P$2:P81) -> 50812.618 | T81: =ROUNDDOWN(Q81/2,0) -> 19987 | U81: =ROUNDDOWN(R81/2,0) -> 21789 | V81: =ROUNDDOWN(S81/2,0) -> 25406
A82: 48 | B82: 48.6 | C82: =ROUNDDOWN(_xlfn.PERCENTILE.INC($C$1:$C$75,0.15),0) -> 27 | D82: Areias | E82: SP | F82: {=_xlfn.XLOOKUP(D82,'TABELA AUXILIAR'!$A$2:$A$5,IF('SPT-01'!A82<3,'TABELA AUXILIAR'!$B$2:$B$5,'TABELA AUXILIAR'!$C$2:$C$5),"",0,1)} -> 8.5 | G82: =C82 / MIN(2, SQRT(101.3/J82)) -> 59.439846 | H82: =27.5+9.2*LOG10(C82) -> 40.668547 | I82: =IF(D82="Areias",101.3*0.47*(G82)^0.8,101.3*0.15*(G82)) -> 1250.1711 | J82: =J81+(B81-A81)/2*F81+(B82-A82)/2*F82 -> 490.95 | K82: =(1-SIN(RADIANS(H82)))*(I82/J82)^SIN(RADIANS(H82))*TAN(RADIANS(H82)) -> 0.5502996 | L82: =K82*J82 -> 270.16959 | M82: =0.59*(G82*101.3/J82)^0.8*J82 -> 2151.836 | N82: =$L82*'TABELA AUXILIAR'!$I$3*(B82-A82) -> 609.50259 | O82: =$L82*'TABELA AUXILIAR'!$I$4*(B82-A82) -> 661.37515 | P82: =$L82*'TABELA AUXILIAR'!$I$5*(B82-A82) -> 763.49926 | Q82: =$M82*'TABELA AUXILIAR'!$J$3+SUM(N$2:N82) -> 40600.397 | R82: =$M82*'TABELA AUXILIAR'!$J$4+SUM(O$2:O82) -> 44257.656 | S82: =$M82*'TABELA AUXILIAR'!$J$5+SUM(P$2:P82) -> 51599.772 | T82: =ROUNDDOWN(Q82/2,0) -> 20300 | U82: =ROUNDDOWN(R82/2,0) -> 22128 | V82: =ROUNDDOWN(S82/2,0) -> 25799
A83: 48.6 | B83: 49.2 | C83: =ROUNDDOWN(_xlfn.PERCENTILE.INC($C$1:$C$75,0.15),0) -> 27 | D83: Areias | E83: SP | F83: {=_xlfn.XLOOKUP(D83,'TABELA AUXILIAR'!$A$2:$A$5,IF('SPT-01'!A83<3,'TABELA AUXILIAR'!$B$2:$B$5,'TABELA AUXILIAR'!$C$2:$C$5),"",0,1)} -> 8.5 | G83: =C83 / MIN(2, SQRT(101.3/J83)) -> 59.747779 | H83: =27.5+9.2*LOG10(C83) -> 40.668547 | I83: =IF(D83="Areias",101.3*0.47*(G83)^0.8,101.3*0.15*(G83)) -> 1255.3497 | J83: =J82+(B82-A82)/2*F82+(B83-A83)/2*F83 -> 496.05 | K83: =(1-SIN(RADIANS(H83)))*(I83/J83)^SIN(RADIANS(H83))*TAN(RADIANS(H83)) -> 0.5480804 | L83: =K83*J83 -> 271.87528 | M83: =0.59*(G83*101.3/J83)^0.8*J83 -> 2165.2202 | N83: =$L83*'TABELA AUXILIAR'!$I$3*(B83-A83) -> 613.35064 | O83: =$L83*'TABELA AUXILIAR'!$I$4*(B83-A83) -> 665.55069 | P83: =$L83*'TABELA AUXILIAR'!$I$5*(B83-A83) -> 768.31955 | Q83: =$M83*'TABELA AUXILIAR'!$J$3+SUM(N$2:N83) -> 41228.871 | R83: =$M83*'TABELA AUXILIAR'!$J$4+SUM(O$2:O83) -> 44940.874 | S83: =$M83*'TABELA AUXILIAR'!$J$5+SUM(P$2:P83) -> 52391.647 | T83: =ROUNDDOWN(Q83/2,0) -> 20614 | U83: =ROUNDDOWN(R83/2,0) -> 22470 | V83: =ROUNDDOWN(S83/2,0) -> 26195
A84: 49.2 | B84: 49.8 | C84: =ROUNDDOWN(_xlfn.PERCENTILE.INC($C$1:$C$75,0.15),0) -> 27 | D84: Areias | E84: SP | F84: {=_xlfn.XLOOKUP(D84,'TABELA AUXILIAR'!$A$2:$A$5,IF('SPT-01'!A84<3,'TABELA AUXILIAR'!$B$2:$B$5,'TABELA AUXILIAR'!$C$2:$C$5),"",0,1)} -> 8.5 | G84: =C84 / MIN(2, SQRT(101.3/J84)) -> 60.054134 | H84: =27.5+9.2*LOG10(C84) -> 40.668547 | I84: =IF(D84="Areias",101.3*0.47*(G84)^0.8,101.3*0.15*(G84)) -> 1260.4965 | J84: =J83+(B83-A83)/2*F83+(B84-A84)/2*F84 -> 501.15 | K84: =(1-SIN(RADIANS(H84)))*(I84/J84)^SIN(RADIANS(H84))*TAN(RADIANS(H84)) -> 0.54589272 | L84: =K84*J84 -> 273.57414 | M84: =0.59*(G84*101.3/J84)^0.8*J84 -> 2178.5495 | N84: =$L84*'TABELA AUXILIAR'!$I$3*(B84-A84) -> 617.18325 | O84: =$L84*'TABELA AUXILIAR'!$I$4*(B84-A84) -> 669.70948 | P84: =$L84*'TABELA AUXILIAR'!$I$5*(B84-A84) -> 773.12051 | Q84: =$M84*'TABELA AUXILIAR'!$J$3+SUM(N$2:N84) -> 41861.117 | R84: =$M84*'TABELA AUXILIAR'!$J$4+SUM(O$2:O84) -> 45628.178 | S84: =$M84*'TABELA AUXILIAR'!$J$5+SUM(P$2:P84) -> 53188.228 | T84: =ROUNDDOWN(Q84/2,0) -> 20930 | U84: =ROUNDDOWN(R84/2,0) -> 22814 | V84: =ROUNDDOWN(S84/2,0) -> 26594
A85: 49.8 | B85: 50.4 | C85: =ROUNDDOWN(_xlfn.PERCENTILE.INC($C$1:$C$75,0.15),0) -> 27 | D85: Areias | E85: SP | F85: {=_xlfn.XLOOKUP(D85,'TABELA AUXILIAR'!$A$2:$A$5,IF('SPT-01'!A85<3,'TABELA AUXILIAR'!$B$2:$B$5,'TABELA AUXILIAR'!$C$2:$C$5),"",0,1)} -> 8.5 | G85: =C85 / MIN(2, SQRT(101.3/J85)) -> 60.358934 | H85: =27.5+9.2*LOG10(C85) -> 40.668547 | I85: =IF(D85="Areias",101.3*0.47*(G85)^0.8,101.3*0.15*(G85)) -> 1265.6119 | J85: =J84+(B84-A84)/2*F84+(B85-A85)/2*F85 -> 506.25 | K85: =(1-SIN(RADIANS(H85)))*(I85/J85)^SIN(RADIANS(H85))*TAN(RADIANS(H85)) -> 0.54373578 | L85: =K85*J85 -> 275.26624 | M85: =0.59*(G85*101.3/J85)^0.8*J85 -> 2191.8247 | N85: =$L85*'TABELA AUXILIAR'!$I$3*(B85-A85) -> 621.00064 | O85: =$L85*'TABELA AUXILIAR'!$I$4*(B85-A85) -> 673.85176 | P85: =$L85*'TABELA AUXILIAR'!$I$5*(B85-A85) -> 777.90239 | Q85: =$M85*'TABELA AUXILIAR'!$J$3+SUM(N$2:N85) -> 42497.118 | R85: =$M85*'TABELA AUXILIAR'!$J$4+SUM(O$2:O85) -> 46319.553 | S85: =$M85*'TABELA AUXILIAR'!$J$5+SUM(P$2:P85) -> 53989.494 | T85: =ROUNDDOWN(Q85/2,0) -> 21248 | U85: =ROUNDDOWN(R85/2,0) -> 23159 | V85: =ROUNDDOWN(S85/2,0) -> 26994
A86: 50.4 | B86: 51 | C86: =ROUNDDOWN(_xlfn.PERCENTILE.INC($C$1:$C$75,0.15),0) -> 27 | D86: Areias | E86: SP | F86: {=_xlfn.XLOOKUP(D86,'TABELA AUXILIAR'!$A$2:$A$5,IF('SPT-01'!A86<3,'TABELA AUXILIAR'!$B$2:$B$5,'TABELA AUXILIAR'!$C$2:$C$5),"",0,1)} -> 8.5 | G86: =C86 / MIN(2, SQRT(101.3/J86)) -> 60.662202 | H86: =27.5+9.2*LOG10(C86) -> 40.668547 | I86: =IF(D86="Areias",101.3*0.47*(G86)^0.8,101.3*0.15*(G86)) -> 1270.6965 | J86: =J85+(B85-A85)/2*F85+(B86-A86)/2*F86 -> 511.35 | K86: =(1-SIN(RADIANS(H86)))*(I86/J86)^SIN(RADIANS(H86))*TAN(RADIANS(H86)) -> 0.54160886 | L86: =K86*J86 -> 276.95169 | M86: =0.59*(G86*101.3/J86)^0.8*J86 -> 2205.0465 | N86: =$L86*'TABELA AUXILIAR'!$I$3*(B86-A86) -> 624.80302 | O86: =$L86*'TABELA AUXILIAR'!$I$4*(B86-A86) -> 677.97774 | P86: =$L86*'TABELA AUXILIAR'!$I$5*(B86-A86) -> 782.66548 | Q86: =$M86*'TABELA AUXILIAR'!$J$3+SUM(N$2:N86) -> 43136.862 | R86: =$M86*'TABELA AUXILIAR'!$J$4+SUM(O$2:O86) -> 47014.983 | S86: =$M86*'TABELA AUXILIAR'!$J$5+SUM(P$2:P86) -> 54795.43 | T86: =ROUNDDOWN(Q86/2,0) -> 21568 | U86: =ROUNDDOWN(R86/2,0) -> 23507 | V86: =ROUNDDOWN(S86/2,0) -> 27397
A87: 51 | B87: 51.6 | C87: =ROUNDDOWN(_xlfn.PERCENTILE.INC($C$1:$C$75,0.15),0) -> 27 | D87: Areias | E87: SP | F87: {=_xlfn.XLOOKUP(D87,'TABELA AUXILIAR'!$A$2:$A$5,IF('SPT-01'!A87<3,'TABELA AUXILIAR'!$B$2:$B$5,'TABELA AUXILIAR'!$C$2:$C$5),"",0,1)} -> 8.5 | G87: =C87 / MIN(2, SQRT(101.3/J87)) -> 60.963962 | H87: =27.5+9.2*LOG10(C87) -> 40.668547 | I87: =IF(D87="Areias",101.3*0.47*(G87)^0.8,101.3*0.15*(G87)) -> 1275.7508 | J87: =J86+(B86-A86)/2*F86+(B87-A87)/2*F87 -> 516.45 | K87: =(1-SIN(RADIANS(H87)))*(I87/J87)^SIN(RADIANS(H87))*TAN(RADIANS(H87)) -> 0.53951125 | L87: =K87*J87 -> 278.63059 | M87: =0.59*(G87*101.3/J87)^0.8*J87 -> 2218.2157 | N87: =$L87*'TABELA AUXILIAR'!$I$3*(B87-A87) -> 628.5906 | O87: =$L87*'TABELA AUXILIAR'!$I$4*(B87-A87) -> 682.08767 | P87: =$L87*'TABELA AUXILIAR'!$I$5*(B87-A87) -> 787.41003 | Q87: =$M87*'TABELA AUXILIAR'!$J$3+SUM(N$2:N87) -> 43780.334 | R87: =$M87*'TABELA AUXILIAR'!$J$4+SUM(O$2:O87) -> 47714.454 | S87: =$M87*'TABELA AUXILIAR'!$J$5+SUM(P$2:P87) -> 55606.018 | T87: =ROUNDDOWN(Q87/2,0) -> 21890 | U87: =ROUNDDOWN(R87/2,0) -> 23857 | V87: =ROUNDDOWN(S87/2,0) -> 27803
... A222: 132 | B222: 132.6 | C222: =ROUNDDOWN(_xlfn.PERCENTILE.INC($C$1:$C$75,0.15),0) -> 27 | D222: Areias | E222: SP | F222: {=_xlfn.XLOOKUP(D222,'TABELA AUXILIAR'!$A$2:$A$5,IF('SPT-01'!A222<3,'TABELA AUXILIAR'!$B$2:$B$5,'TABELA AUXILIAR'!$C$2:$C$5),"",0,1)} -> 8.5 | G222: =C222 / MIN(2, SQRT(101.3/J222)) -> 93.120126 | H222: =27.5+9.2*LOG10(C222) -> 40.668547 | I222: =IF(D222="Areias",101.3*0.47*(G222)^0.8,101.3*0.15*(G222)) -> 1790.3673 | J222: =J221+(B221-A221)/2*F221+(B222-A222)/2*F222 -> 1204.95 | K222: =(1-SIN(RADIANS(H222)))*(I222/J222)^SIN(RADIANS(H222))*TAN(RADIANS(H222)) -> 0.3873756 | L222: =K222*J222 -> 466.76823 | M222: =0.59*(G222*101.3/J222)^0.8*J222 -> 3687.8073 | N222: =$L222*'TABELA AUXILIAR'!$I$3*(B222-A222) -> 1053.0291 | O222: =$L222*'TABELA AUXILIAR'!$I$4*(B222-A222) -> 1142.6486 | P222: =$L222*'TABELA AUXILIAR'!$I$5*(B222-A222) -> 1319.087 | Q222: =$M222*'TABELA AUXILIAR'!$J$3+SUM(N$2:N222) -> 160718.76 | R222: =$M222*'TABELA AUXILIAR'!$J$4+SUM(O$2:O222) -> 174742.98 | S222: =$M222*'TABELA AUXILIAR'!$J$5+SUM(P$2:P222) -> 202596.32 | T222: =ROUNDDOWN(Q222/2,0) -> 80359 | U222: =ROUNDDOWN(R222/2,0) -> 87371 | V222: =ROUNDDOWN(S222/2,0) -> 101298

Sheet SPT-02
A1: Prof_Inicial_m | B1: Prof_Final_m | C1: N1_60 | D1: Grupo_Solo | E1: Classe_SUCS | F1: Peso | G1: N60 | H1: 𝜑′𝑓 | I1: σ' p (kPa) | J1: σ' v (kPa) | K1: β | L1: qs (kPa) | M1: qp (kPa) | N1: Rs-1,2m (kN) | O1: Rs-1,3m (kN) | P1: Rs-1,5m (kN) | Q1: Rn-1,2m (kN) | R1: Rn-1,3m (kN) | S1: Rn-1,5m (kN) | T1: Radm-1,2m (kN) | U1: Radm-1,3m (kN) | V1: Radm-1,5m (kN)
A2: 0 | B2: 0.6 | C2: 50 | D2: Areias | E2: SW-SM | F2: {=_xlfn.XLOOKUP(D2,'TABELA AUXILIAR'!$A$2:$A$5,IF('SPT-02'!A2<3,'TABELA AUXILIAR'!$B$2:$B$5,'TABELA AUXILIAR'!$C$2:$C$5),"",0,1)} -> 18.5 | G2: =C2 / MIN(2, SQRT(101.3/J2)) -> 25 | H2: =27.5+9.2*LOG10(C2) -> 43.130524 | I2: =IF(D2="Areias",101.3*0.47*(G2)^0.8,101.3*0.15*(G2)) -> 625.25808 | J2: =(B2-A2)/2*F2 -> 5.55 | K2: =(1-SIN(RADIANS(H2)))*(I2/J2)^SIN(RADIANS(H2))*TAN(RADIANS(H2)) -> 7.49041 | L2: =K2*J2 -> 41.571775 | M2: =0.59*(G2*101.3/J2)^0.8*J2 -> 439.08659 | N2: =$L2*'TABELA AUXILIAR'!$I$3*(B2-A2) -> 93.785925 | O2: =$L2*'TABELA AUXILIAR'!$I$4*(B2-A2) -> 101.76771 | P2: =$L2*'TABELA AUXILIAR'!$I$5*(B2-A2) -> 117.48184 | Q2: =$M2*'TABELA AUXILIAR'!$J$3+SUM(N$2:N2) -> 589.95377 | R2: =$M2*'TABELA AUXILIAR'!$J$4+SUM(O$2:O2) -> 681.362 | S2: =$M2*'TABELA AUXILIAR'!$J$5+SUM(P$2:P2) -> 890.27423 | T2: =ROUNDDOWN(Q2/2,0) -> 294 | U2: =ROUNDDOWN(R2/2,0) -> 340 | V2: =ROUNDDOWN(S2/2,0) -> 445
A3: 0.6 | B3: 1.2 | C3: 50 | D3: Areias | E3: SW-SM | F3: {=_xlfn.XLOOKUP(D3,'TABELA AUXILIAR'!$A$2:$A$5,IF('SPT-02'!A3<3,'TABELA AUXILIAR'!$B$2:$B$5,'TABELA AUXILIAR'!$C$2:$C$5),"",0,1)} -> 18.5 | G3: =C3 / MIN(2, SQRT(101.3/J3)) -> 25 | H3: =27.5+9.2*LOG10(C3) -> 43.130524 | I3: =IF(D3="Areias",101.3*0.47*(G3)^0.8,101.3*0.15*(G3)) -> 625.25808 | J3: =J2+(B2-A2)/2*F2+(B3-A3)/2*F3 -> 16.65 | K3: =(1-SIN(RADIANS(H3)))*(I3/J3)^SIN(RADIANS(H3))*TAN(RADIANS(H3)) -> 3.5343992 | L3: =K3*J3 -> 58.847746 | M3: =0.59*(G3*101.3/J3)^0.8*J3 -> 546.98375 | N3: =$L3*'TABELA AUXILIAR'!$I$3*(B3-A3) -> 132.76052 | O3: =$L3*'TABELA AUXILIAR'!$I$4*(B3-A3) -> 144.05928 | P3: =$L3*'TABELA AUXILIAR'!$I$5*(B3-A3) -> 166.30373 | Q3: =$M3*'TABELA AUXILIAR'!$J$3+SUM(N$2:N3) -> 844.63808 | R3: =$M3*'TABELA AUXILIAR'!$J$4+SUM(O$2:O3) -> 967.84554 | S3: =$M3*'TABELA AUXILIAR'!$J$5+SUM(P$2:P3) -> 1246.477 | T3: =ROUNDDOWN(Q3/2,0) -> 422 | U3: =ROUNDDOWN(R3/2,0) -> 483 | V3: =ROUNDDOWN(S3/2,0) -> 623
A4: 1.2 | B4: 1.8 | C4: 50 | D4: Areias | E4: SW-SM | F4: {=_xlfn.XLOOKUP(D4,'TABELA AUXILIAR'!$A$2:$A$5,IF('SPT-02'!A4<3,'TABELA AUXILIAR'!$B$2:$B$5,'TABELA AUXILIAR'!$C$2:$C$5),"",0,1)} -> 18.5 | G4: =C4 / MIN(2, SQRT(101.3/J4)) -> 26.169581 | H4: =27.5+9.2*LOG10(C4) -> 43.130524 | I4: =IF(D4="Areias",101.3*0.47*(G4)^0.8,101.3*0.15*(G4)) -> 648.55188 | J4: =J3+(B3-A3)/2*F3+(B4-A4)/2*F4 -> 27.75 | K4: =(1-SIN(RADIANS(H4)))*(I4/J4)^SIN(RADIANS(H4))*TAN(RADIANS(H4)) -> 2.5556781 | L4: =K4*J4 -> 70.920068 | M4: =0.59*(G4*101.3/J4)^0.8*J4 -> 628.39046 | N4: =$L4*'TABELA AUXILIAR'!$I$3*(B4-A4) -> 159.99567 | O4: =$L4*'TABELA AUXILIAR'!$I$4*(B4-A4) -> 173.61233 | P4: =$L4*'TABELA AUXILIAR'!$I$5*(B4-A4) -> 200.42011 | Q4: =$M4*'TABELA AUXILIAR'!$J$3+SUM(N$2:N4) -> 1096.6233 | R4: =$M4*'TABELA AUXILIAR'!$J$4+SUM(O$2:O4) -> 1248.9147 | S4: =$M4*'TABELA AUXILIAR'!$J$5+SUM(P$2:P4) -> 1590.1729 | T4: =ROUNDDOWN(Q4/2,0) -> 548 | U4: =ROUNDDOWN(R4/2,0) -> 624 | V4: =ROUNDDOWN(S4/2,0) -> 795
A5: 1.8 | B5: 2.4 | C5: 50 | D5: Areias | E5: SW-SM | F5: {=_xlfn.XLOOKUP(D5,'TABELA AUXILIAR'!$A$2:$A$5,IF('SPT-02'!A5<3,'TABELA AUXILIAR'!$B$2:$B$5,'TABELA AUXILIAR'!$C$2:$C$5),"",0,1)} -> 18.5 | G5: =C5 / MIN(2, SQRT(101.3/J5)) -> 30.964266 | H5: =27.5+9.2*LOG10(C5) -> 43.130524 | I5: =IF(D5="Areias",101.3*0.47*(G5)^0.8,101.3*0.15*(G5)) -> 741.98639 | J5: =J4+(B4-A4)/2*F4+(B5-A5)/2*F5 -> 38.85 | K5: =(1-SIN(RADIANS(H5)))*(I5/J5)^SIN(RADIANS(H5))*TAN(RADIANS(H5)) -> 2.2262031 | L5: =K5*J5 -> 86.487991 | M5: =0.59*(G5*101.3/J5)^0.8*J5 -> 768.96471 | N5: =$L5*'TABELA AUXILIAR'!$I$3*(B5-A5) -> 195.11691 | O5: =$L5*'TABELA AUXILIAR'!$I$4*(B5-A5) -> 211.7226 | P5: =$L5*'TABELA AUXILIAR'!$I$5*(B5-A5) -> 244.41506 | Q5: =$M5*'TABELA AUXILIAR'!$J$3+SUM(N$2:N5) -> 1450.5891 | R5: =$M5*'TABELA AUXILIAR'!$J$4+SUM(O$2:O5) -> 1646.1953 | S5: =$M5*'TABELA AUXILIAR'!$J$5+SUM(P$2:P5) -> 2081.9986 | T5: =ROUNDDOWN(Q5/2,0) -> 725 | U5: =ROUNDDOWN(R5/2,0) -> 823 | V5: =ROUNDDOWN(S5/2,0) -> 1040
A6: 2.4 | B6: 3 | C6: 23 | D6: Areias | E6: SM | F6: {=_xlfn.XLOOKUP(D6,'TABELA AUXILIAR'!$A$2:$A$5,IF('SPT-02'!A6<3,'TABELA AUXILIAR'!$B$2:$B$5,'TABELA AUXILIAR'!$C$2:$C$5),"",0,1)} -> 18.5 | G6: =C6 / MIN(2, SQRT(101.3/J6)) -> 16.150682 | H6: =27.5+9.2*LOG10(C6) -> 40.027896 | I6: =IF(D6="Areias",101.3*0.47*(G6)^0.8,101.3*0.15*(G6)) -> 440.81868 | J6: =J5+(B5-A5)/2*F5+(B6-A6)/2*F6 -> 49.95 | K6: =(1-SIN(RADIANS(H6)))*(I6/J6)^SIN(RADIANS(H6))*TAN(RADIANS(H6)) -> 1.2160977 | L6: =K6*J6 -> 60.744082 | M6: =0.59*(G6*101.3/J6)^0.8*J6 -> 480.39597 | N6: =$L6*'TABELA AUXILIAR'!$I$3*(B6-A6) -> 137.03865 | O6: =$L6*'TABELA AUXILIAR'!$I$4*(B6-A6) -> 148.70151 | P6: =$L6*'TABELA AUXILIAR'!$I$5*(B6-A6) -> 171.66277 | Q6: =$M6*'TABELA AUXILIAR'!$J$3+SUM(N$2:N6) -> 1261.5451 | R6: =$M6*'TABELA AUXILIAR'!$J$4+SUM(O$2:O6) -> 1413.9861 | S6: =$M6*'TABELA AUXILIAR'!$J$5+SUM(P$2:P6) -> 1745.7804 | T6: =ROUNDDOWN(Q6/2,0) -> 630 | U6: =ROUNDDOWN(R6/2,0) -> 706 | V6: =ROUNDDOWN(S6/2,0) -> 872
A7: 3 | B7: 3.6 | C7: 50 | D7: Areias | E7: SM | F7: {=_xlfn.XLOOKUP(D7,'TABELA AUXILIAR'!$A$2:$A$5,IF('SPT-02'!A7<3,'TABELA AUXILIAR'!$B$2:$B$5,'TABELA AUXILIAR'!$C$2:$C$5),"",0,1)} -> 8.5 | G7: =C7 / MIN(2, SQRT(101.3/J7)) -> 37.850044 | H7: =27.5+9.2*LOG10(C7) -> 43.130524 | I7: =IF(D7="Areias",101.3*0.47*(G7)^0.8,101.3*0.15*(G7)) -> 871.28536 | J7: =J6+(B6-A6)/2*F6+(B7-A7)/2*F7 -> 58.05 | K7: =(1-SIN(RADIANS(H7)))*(I7/J7)^SIN(RADIANS(H7))*TAN(RADIANS(H7)) -> 1.8880858 | L7: =K7*J7 -> 109.60338 | M7: =0.59*(G7*101.3/J7)^0.8*J7 -> 978.48265 | N7: =$L7*'TABELA AUXILIAR'!$I$3*(B7-A7) -> 247.26523 | O7: =$L7*'TABELA AUXILIAR'!$I$4*(B7-A7) -> 268.30908 | P7: =$L7*'TABELA AUXILIAR'!$I$5*(B7-A7) -> 309.73916 | Q7: =$M7*'TABELA AUXILIAR'!$J$3+SUM(N$2:N7) -> 2071.6483 | R7: =$M7*'TABELA AUXILIAR'!$J$4+SUM(O$2:O7) -> 2339.7696 | S7: =$M7*'TABELA AUXILIAR'!$J$5+SUM(P$2:P7) -> 2932.1521 | T7: =ROUNDDOWN(Q7/2,0) -> 1035 | U7: =ROUNDDOWN(R7/2,0) -> 1169 | V7: =ROUNDDOWN(S7/2,0) -> 1466
A8: 3.6 | B8: 4.2 | C8: 50 | D8: Finos | E8: ML | F8: {=_xlfn.XLOOKUP(D8,'TABELA AUXILIAR'!$A$2:$A$5,IF('SPT-02'!A8<3,'TABELA AUXILIAR'!$B$2:$B$5,'TABELA AUXILIAR'!$C$2:$C$5),"",0,1)} -> 11 | G8: =C8 / MIN(2, SQRT(101.3/J8)) -> 39.711447 | H8: =27.5+9.2*LOG10(C8) -> 43.130524 | I8: =IF(D8="Areias",101.3*0.47*(G8)^0.8,101.3*0.15*(G8)) -> 603.41544 | J8: =J7+(B7-A7)/2*F7+(B8-A8)/2*F8 -> 63.9 | K8: =(1-SIN(RADIANS(H8)))*(I8/J8)^SIN(RADIANS(H8))*TAN(RADIANS(H8)) -> 1.3754337 | L8: =K8*J8 -> 87.890211 | M8: =0.59*(G8*101.3/J8)^0.8*J8 -> 1036.5072 | N8: =$L8*'TABELA AUXILIAR'!$I$3*(B8-A8) -> 198.28032 | O8: =$L8*'TABELA AUXILIAR'!$I$4*(B8-A8) -> 215.15524 | P8: =$L8*'TABELA AUXILIAR'!$I$5*(B8-A8) -> 248.37774 | Q8: =$M8*'TABELA AUXILIAR'!$J$3+SUM(N$2:N8) -> 2335.4963 | R8: =$M8*'TABELA AUXILIAR'!$J$4+SUM(O$2:O8) -> 2631.5172 | S8: =$M8*'TABELA AUXILIAR'!$J$5+SUM(P$2:P8) -> 3282.653 | T8: =ROUNDDOWN(Q8/2,0) -> 1167 | U8: =ROUNDDOWN(R8/2,0) -> 1315 | V8: =ROUNDDOWN(S8/2,0) -> 1641
A9: 4.2 | B9: 4.8 | C9: 13 | D9: Finos | E9: ML | F9: {=_xlfn.XLOOKUP(D9,'TABELA AUXILIAR'!$A$2:$A$5,IF('SPT-02'!A9<3,'TABELA AUXILIAR'!$B$2:$B$5,'TABELA AUXILIAR'!$C$2:$C$5),"",0,1)} -> 11 | G9: =C9 / MIN(2, SQRT(101.3/J9)) -> 10.845091 | H9: =27.5+9.2*LOG10(C9) -> 37.748279 | I9: =IF(D9="Areias",101.3*0.47*(G9)^0.8,101.3*0.15*(G9)) -> 164.79115 | J9: =J8+(B8-A8)/2*F8+(B9-A9)/2*F9 -> 70.5 | K9: =(1-SIN(RADIANS(H9)))*(I9/J9)^SIN(RADIANS(H9))*TAN(RADIANS(H9)) -> 0.50492961 | L9: =K9*J9 -> 35.597537 | M9: =0.59*(G9*101.3/J9)^0.8*J9 -> 374.25184 | N9: =$L9*'TABELA AUXILIAR'!$I$3*(B9-A9) -> 80.308044 | O9: =$L9*'TABELA AUXILIAR'!$I$4*(B9-A9) -> 87.142772 | P9: =$L9*'TABELA AUXILIAR'!$I$5*(B9-A9) -> 100.59864 | Q9: =$M9*'TABELA AUXILIAR'!$J$3+SUM(N$2:N9) -> 1667.4558 | R9: =$M9*'TABELA AUXILIAR'!$J$4+SUM(O$2:O9) -> 1844.4829 | S9: =$M9*'TABELA AUXILIAR'!$J$5+SUM(P$2:P9) -> 2217.6823 | T9: =ROUNDDOWN(Q9/2,0) -> 833 | U9: =ROUNDDOWN(R9/2,0) -> 922 | V9: =ROUNDDOWN(S9/2,0) -> 1108
A10: 4.8 | B10: 5.4 | C10: 45 | D10: Areias | E10: SM | F10: {=_xlfn.XLOOKUP(D10,'TABELA AUXILIAR'!$A$2:$A$5,IF('SPT-02'!A10<3,'TABELA AUXILIAR'!$B$2:$B$5,'TABELA AUXILIAR'!$C$2:$C$5),"",0,1)} -> 8.5 | G10: =C10 / MIN(2, SQRT(101.3/J10)) -> 39.067202 | H10: =27.5+9.2*LOG10(C10) -> 42.709555 | I10: =IF(D10="Areias",101.3*0.47*(G10)^0.8,101.3*0.15*(G10)) -> 893.62879 | J10: =J9+(B9-A9)/2*F9+(B10-A10)/2*F10 -> 76.35 | K10: =(1-SIN(RADIANS(H10)))*(I10/J10)^SIN(RADIANS(H10))*TAN(RADIANS(H10)) -> 1.5752772 | L10: =K10*J10 -> 120.27242 | M10: =0.59*(G10*101.3/J10)^0.8*J10 -> 1060.1107 | N10: =$L10*'TABELA AUXILIAR'!$I$3*(B10-A10) -> 271.33457 | O10: =$L10*'TABELA AUXILIAR'!$I$4*(B10-A10) -> 294.42688 | P10: =$L10*'TABELA AUXILIAR'!$I$5*(B10-A10) -> 339.88985 | Q10: =$M10*'TABELA AUXILIAR'!$J$3+SUM(N$2:N10) -> 2713.8109 | R10: =$M10*'TABELA AUXILIAR'!$J$4+SUM(O$2:O10) -> 3044.2435 | S10: =$M10*'TABELA AUXILIAR'!$J$5+SUM(P$2:P10) -> 3764.6838 | T10: =ROUNDDOWN(Q10/2,0) -> 1356 | U10: =ROUNDDOWN(R10/2,0) -> 1522 | V10: =ROUNDDOWN(S10/2,0) -> 1882
A11: 5.4 | B11: 6 | C11: 50 | D11: Areias | E11: SM | F11: {=_xlfn.XLOOKUP(D11,'TABELA AUXILIAR'!$A$2:$A$5,IF('SPT-02'!A11<3,'TABELA AUXILIAR'!$B$2:$B$5,'TABELA AUXILIAR'!$C$2:$C$5),"",0,1)} -> 8.5 | G11: =C11 / MIN(2, SQRT(101.3/J11)) -> 44.834345 | H11: =27.5+9.2*LOG10(C11) -> 43.130524 | I11: =IF(D11="Areias",101.3*0.47*(G11)^0.8,101.3*0.15*(G11)) -> 997.69079 | J11: =J10+(B10-A10)/2*F10+(B11-A11)/2*F11 -> 81.45 | K11: =(1-SIN(RADIANS(H11)))*(I11/J11)^SIN(RADIANS(H11))*TAN(RADIANS(H11)) -> 1.6431841 | L11: =K11*J11 -> 133.83735 | M11: =0.59*(G11*101.3/J11)^0.8*J11 -> 1198.9648 | N11: =$L11*'TABELA AUXILIAR'!$I$3*(B11-A11) -> 301.93705 | O11: =$L11*'TABELA AUXILIAR'!$I$4*(B11-A11) -> 327.63382 | P11: =$L11*'TABELA AUXILIAR'!$I$5*(B11-A11) -> 378.22434 | Q11: =$M11*'TABELA AUXILIAR'!$J$3+SUM(N$2:N11) -> 3172.6532 | R11: =$M11*'TABELA AUXILIAR'!$J$4+SUM(O$2:O11) -> 3555.1648 | S11: =$M11*'TABELA AUXILIAR'!$J$5+SUM(P$2:P11) -> 4387.2914 | T11: =ROUNDDOWN(Q11/2,0) -> 1586 | U11: =ROUNDDOWN(R11/2,0) -> 1777 | V11: =ROUNDDOWN(S11/2,0) -> 2193
A12: 6 | B12: 6.6 | C12: 50 | D12: Areias | E12: SM | F12: {=_xlfn.XLOOKUP(D12,'TABELA AUXILIAR'!$A$2:$A$5,IF('SPT-02'!A12<3,'TABELA AUXILIAR'!$B$2:$B$5,'TABELA AUXILIAR'!$C$2:$C$5),"",0,1)} -> 8.5 | G12: =C12 / MIN(2, SQRT(101.3/J12)) -> 46.216688 | H12: =27.5+9.2*LOG10(C12) -> 43.130524 | I12: =IF(D12="Areias",101.3*0.47*(G12)^0.8,101.3*0.15*(G12)) -> 1022.2247 | J12: =J11+(B11-A11)/2*F11+(B12-A12)/2*F12 -> 86.55 | K12: =(1-SIN(RADIANS(H12)))*(I12/J12)^SIN(RADIANS(H12))*TAN(RADIANS(H12)) -> 1.602754 | L12: =K12*J12 -> 138.71836 | M12: =0.59*(G12*101.3/J12)^0.8*J12 -> 1243.4606 | N12: =$L12*'TABELA AUXILIAR'!$I$3*(B12-A12) -> 312.94861 | O12: =$L12*'TABELA AUXILIAR'!$I$4*(B12-A12) -> 339.58254 | P12: =$L12*'TABELA AUXILIAR'!$I$5*(B12-A12) -> 392.01808 | Q12: =$M12*'TABELA AUXILIAR'!$J$3+SUM(N$2:N12) -> 3535.882 | R12: =$M12*'TABELA AUXILIAR'!$J$4+SUM(O$2:O12) -> 3953.4818 | S12: =$M12*'TABELA AUXILIAR'!$J$5+SUM(P$2:P12) -> 4857.622 | T12: =ROUNDDOWN(Q12/2,0) -> 1767 | U12: =ROUNDDOWN(R12/2,0) -> 1976 | V12: =ROUNDDOWN(S12/2,0) -> 2428
A13: 6.6 | B13: 7.2 | C13: 50 | D13: Areias | E13: SM | F13: {=_xlfn.XLOOKUP(D13,'TABELA AUXILIAR'!$A$2:$A$5,IF('SPT-02'!A13<3,'TABELA AUXILIAR'!$B$2:$B$5,'TABELA AUXILIAR'!$C$2:$C$5),"",0,1)} -> 8.5 | G13: =C13 / MIN(2, SQRT(101.3/J13)) -> 47.558869 | H13: =27.5+9.2*LOG10(C13) -> 43.130524 | I13: =IF(D13="Areias",101.3*0.47*(G13)^0.8,101.3*0.15*(G13)) -> 1045.9057 | J13: =J12+(B12-A12)/2*F12+(B13-A13)/2*F13 -> 91.65 | K13: =(1-SIN(RADIANS(H13)))*(I13/J13)^SIN(RADIANS(H13))*TAN(RADIANS(H13)) -> 1.5655507 | L13: =K13*J13 -> 143.48272 | M13: =0.59*(G13*101.3/J13)^0.8*J13 -> 1286.9192 | N13: =$L13*'TABELA AUXILIAR'!$I$3*(B13-A13) -> 323.69702 | O13: =$L13*'TABELA AUXILIAR'!$I$4*(B13-A13) -> 351.2457 | P13: =$L13*'TABELA AUXILIAR'!$I$5*(B13-A13) -> 405.48217 | Q13: =$M13*'TABELA AUXILIAR'!$J$3+SUM(N$2:N13) -> 3908.6872 | R13: =$M13*'TABELA AUXILIAR'!$J$4+SUM(O$2:O13) -> 4362.0928 | S13: =$M13*'TABELA AUXILIAR'!$J$5+SUM(P$2:P13) -> 5339.5913 | T13: =ROUNDDOWN(Q13/2,0) -> 1954 | U13: =ROUNDDOWN(R13/2,0) -> 2181 | V13: =ROUNDDOWN(S13/2,0) -> 2669
A14: 7.2 | B14: 7.8 | C14: 50 | D14: Areias | E14: SM | F14: {=_xlfn.XLOOKUP(D14,'TABELA AUXILIAR'!$A$2:$A$5,IF('SPT-02'!A14<3,'TABELA AUXILIAR'!$B$2:$B$5,'TABELA AUXILIAR'!$C$2:$C$5),"",0,1)} -> 8.5 | G14: =C14 / MIN(2, SQRT(101.3/J14)) -> 48.864197 | H14: =27.5+9.2*LOG10(C14) -> 43.130524 | I14: =IF(D14="Areias",101.3*0.47*(G14)^0.8,101.3*0.15*(G14)) -> 1068.8085 | J14: =J13+(B13-A13)/2*F13+(B14-A14)/2*F14 -> 96.75 | K14: =(1-SIN(RADIANS(H14)))*(I14/J14)^SIN(RADIANS(H14))*TAN(RADIANS(H14)) -> 1.5311576 | L14: =K14*J14 -> 148.1395 | M14: =0.59*(G14*101.3/J14)^0.8*J14 -> 1329.4205 | N14: =$L14*'TABELA AUXILIAR'!$I$3*(B14-A14) -> 334.20271 | O14: =$L14*'TABELA AUXILIAR'!$I$4*(B14-A14) -> 362.6455 | P14: =$L14*'TABELA AUXILIAR'!$I$5*(B14-A14) -> 418.64223 | Q14: =$M14*'TABELA AUXILIAR'!$J$3+SUM(N$2:N14) -> 4290.9164 | R14: =$M14*'TABELA AUXILIAR'!$J$4+SUM(O$2:O14) -> 4780.84 | S14: =$M14*'TABELA AUXILIAR'!$J$5+SUM(P$2:P14) -> 5833.0358 | T14: =ROUNDDOWN(Q14/2,0) -> 2145 | U14: =ROUNDDOWN(R14/2,0) -> 2390 | V14: =ROUNDDOWN(S14/2,0) -> 2916
... A75: 43.8 | B75: 44.4 | C75: 50 | D75: Areias | E75: SW-SM | F75: {=_xlfn.XLOOKUP(D75,'TABELA AUXILIAR'!$A$2:$A$5,IF('SPT-02'!A75<3,'TABELA AUXILIAR'!$B$2:$B$5,'TABELA AUXILIAR'!$C$2:$C$5),"",0,1)} -> 8.5 | G75: =C75 / MIN(2, SQRT(101.3/J75)) -> 101.20815 | H75: =27.5+9.2*LOG10(C75) -> 43.130524 | I75: =IF(D75="Areias",101.3*0.47*(G75)^0.8,101.3*0.15*(G75)) -> 1913.7257 | J75: =J74+(B74-A74)/2*F74+(B75-A75)/2*F75 -> 415.05 | K75: =(1-SIN(RADIANS(H75)))*(I75/J75)^SIN(RADIANS(H75))*TAN(RADIANS(H75)) -> 0.84254025 | L75: =K75*J75 -> 349.69633 | M75: =0.59*(G75*101.3/J75)^0.8*J75 -> 3185.1658 | N75: =$L75*'TABELA AUXILIAR'!$I$3*(B75-A75) -> 788.91493 | O75: =$L75*'TABELA AUXILIAR'!$I$4*(B75-A75) -> 856.05662 | P75: =$L75*'TABELA AUXILIAR'!$I$5*(B75-A75) -> 988.24184 | Q75: =$M75*'TABELA AUXILIAR'!$J$3+SUM(N$2:N75) -> 39665.108 | R75: =$M75*'TABELA AUXILIAR'!$J$4+SUM(O$2:O75) -> 43339.725 | S75: =$M75*'TABELA AUXILIAR'!$J$5+SUM(P$2:P75) -> 50784.15 | T75: =ROUNDDOWN(Q75/2,0) -> 19832 | U75: =ROUNDDOWN(R75/2,0) -> 21669 | V75: =ROUNDDOWN(S75/2,0) -> 25392
A76: 44.4 | B76: 45 | C76: 50 | D76: Gravas | E76: GW-GM | F76: {=_xlfn.XLOOKUP(D76,'TABELA AUXILIAR'!$A$2:$A$5,IF('SPT-02'!A76<3,'TABELA AUXILIAR'!$B$2:$B$5,'TABELA AUXILIAR'!$C$2:$C$5),"",0,1)} -> 10.5 | G76: =C76 / MIN(2, SQRT(101.3/J76)) -> 101.90074 | H76: =27.5+9.2*LOG10(C76) -> 43.130524 | I76: =IF(D76="Areias",101.3*0.47*(G76)^0.8,101.3*0.15*(G76)) -> 1548.3818 | J76: =J75+(B75-A75)/2*F75+(B76-A76)/2*F76 -> 420.75 | K76: =(1-SIN(RADIANS(H76)))*(I76/J76)^SIN(RADIANS(H76))*TAN(RADIANS(H76)) -> 0.7221755 | L76: =K76*J76 -> 303.85534 | M76: =0.59*(G76*101.3/J76)^0.8*J76 -> 3211.3398 | N76: =$L76*'TABELA AUXILIAR'!$I$3*(B76-A76) -> 685.49765 | O76: =$L76*'TABELA AUXILIAR'!$I$4*(B76-A76) -> 743.83788 | P76: =$L76*'TABELA AUXILIAR'!$I$5*(B76-A76) -> 858.6952 | Q76: =$M76*'TABELA AUXILIAR'!$J$3+SUM(N$2:N76) -> 40380.182 | R76: =$M76*'TABELA AUXILIAR'!$J$4+SUM(O$2:O76) -> 44118.113 | S76: =$M76*'TABELA AUXILIAR'!$J$5+SUM(P$2:P76) -> 51688.911
A77: 45 | B77: 45.6 | C77: 50 | D77: Gravas | E77: GW-GM | F77: {=_xlfn.XLOOKUP(D77,'TABELA AUXILIAR'!$A$2:$A$5,IF('SPT-02'!A77<3,'TABELA AUXILIAR'!$B$2:$B$5,'TABELA AUXILIAR'!$C$2:$C$5),"",0,1)} -> 10.5 | G77: =C77 / MIN(2, SQRT(101.3/J77)) -> 102.6608 | H77: =27.5+9.2*LOG10(C77) -> 43.130524 | I77: =IF(D77="Areias",101.3*0.47*(G77)^0.8,101.3*0.15*(G77)) -> 1559.9309 | J77: =J76+(B76-A76)/2*F76+(B77-A77)/2*F77 -> 427.05 | K77: =(1-SIN(RADIANS(H77)))*(I77/J77)^SIN(RADIANS(H77))*TAN(RADIANS(H77)) -> 0.71851587 | L77: =K77*J77 -> 306.8422 | M77: =0.59*(G77*101.3/J77)^0.8*J77 -> 3240.1046 | N77: =$L77*'TABELA AUXILIAR'!$I$3*(B77-A77) -> 692.23601 | O77: =$L77*'TABELA AUXILIAR'!$I$4*(B77-A77) -> 751.14971 | P77: =$L77*'TABELA AUXILIAR'!$I$5*(B77-A77) -> 867.13607 | Q77: =$M77*'TABELA AUXILIAR'!$J$3+SUM(N$2:N77) -> 41104.922 | R77: =$M77*'TABELA AUXILIAR'!$J$4+SUM(O$2:O77) -> 44907.232 | S77: =$M77*'TABELA AUXILIAR'!$J$5+SUM(P$2:P77) -> 52606.673
A78: 45.6 | B78: 46.2 | C78: 50 | D78: Gravas | E78: GW-GM | F78: {=_xlfn.XLOOKUP(D78,'TABELA AUXILIAR'!$A$2:$A$5,IF('SPT-02'!A78<3,'TABELA AUXILIAR'!$B$2:$B$5,'TABELA AUXILIAR'!$C$2:$C$5),"",0,1)} -> 10.5 | G78: =C78 / MIN(2, SQRT(101.3/J78)) -> 103.41527 | H78: =27.5+9.2*LOG10(C78) -> 43.130524 | I78: =IF(D78="Areias",101.3*0.47*(G78)^0.8,101.3*0.15*(G78)) -> 1571.3951 | J78: =J77+(B77-A77)/2*F77+(B78-A78)/2*F78 -> 433.35 | K78: =(1-SIN(RADIANS(H78)))*(I78/J78)^SIN(RADIANS(H78))*TAN(RADIANS(H78)) -> 0.71492798 | L78: =K78*J78 -> 309.81404 | M78: =0.59*(G78*101.3/J78)^0.8*J78 -> 3268.7001 | N78: =$L78*'TABELA AUXILIAR'!$I$3*(B78-A78) -> 698.94047 | O78: =$L78*'TABELA AUXILIAR'!$I$4*(B78-A78) -> 758.42477 | P78: =$L78*'TABELA AUXILIAR'!$I$5*(B78-A78) -> 875.53447 | Q78: =$M78*'TABELA AUXILIAR'!$J$3+SUM(N$2:N78) -> 41836.176 | R78: =$M78*'TABELA AUXILIAR'!$J$4+SUM(O$2:O78) -> 45703.403 | S78: =$M78*'TABELA AUXILIAR'!$J$5+SUM(P$2:P78) -> 53532.536
A79: 46.2 | B79: 46.8 | C79: 50 | D79: Gravas | E79: GW-GM | F79: {=_xlfn.XLOOKUP(D79,'TABELA AUXILIAR'!$A$2:$A$5,IF('SPT-02'!A79<3,'TABELA AUXILIAR'!$B$2:$B$5,'TABELA AUXILIAR'!$C$2:$C$5),"",0,1)} -> 10.5 | G79: =C79 / MIN(2, SQRT(101.3/J79)) -> 104.16428 | H79: =27.5+9.2*LOG10(C79) -> 43.130524 | I79: =IF(D79="Areias",101.3*0.47*(G79)^0.8,101.3*0.15*(G79)) -> 1582.7762 | J79: =J78+(B78-A78)/2*F78+(B79-A79)/2*F79 -> 439.65 | K79: =(1-SIN(RADIANS(H79)))*(I79/J79)^SIN(RADIANS(H79))*TAN(RADIANS(H79)) -> 0.7114094 | L79: =K79*J79 -> 312.77114 | M79: =0.59*(G79*101.3/J79)^0.8*J79 -> 3297.1298 | N79: =$L79*'TABELA AUXILIAR'!$I$3*(B79-A79) -> 705.6117 | O79: =$L79*'TABELA AUXILIAR'!$I$4*(B79-A79) -> 765.66376 | P79: =$L79*'TABELA AUXILIAR'!$I$5*(B79-A79) -> 883.89125 | Q79: =$M79*'TABELA AUXILIAR'!$J$3+SUM(N$2:N79) -> 42573.913 | R79: =$M79*'TABELA AUXILIAR'!$J$4+SUM(O$2:O79) -> 46506.594 | S79: =$M79*'TABELA AUXILIAR'!$J$5+SUM(P$2:P79) -> 54466.463
A80: 46.8 | B80: 47.4 | C80: 50 | D80: Gravas | E80: GW-GM | F80: {=_xlfn.XLOOKUP(D80,'TABELA AUXILIAR'!$A$2:$A$5,IF('SPT-02'!A80<3,'TABELA AUXILIAR'!$B$2:$B$5,'TABELA AUXILIAR'!$C$2:$C$5),"",0,1)} -> 10.5 | G80: =C80 / MIN(2, SQRT(101.3/J80)) -> 104.90794 | H80: =27.5+9.2*LOG10(C80) -> 43.130524 | I80: =IF(D80="Areias",101.3*0.47*(G80)^0.8,101.3*0.15*(G80)) -> 1594.0762 | J80: =J79+(B79-A79)/2*F79+(B80-A80)/2*F80 -> 445.95 | K80: =(1-SIN(RADIANS(H80)))*(I80/J80)^SIN(RADIANS(H80))*TAN(RADIANS(H80)) -> 0.70795784 | L80: =K80*J80 -> 315.7138 | M80: =0.59*(G80*101.3/J80)^0.8*J80 -> 3325.397 | N80: =$L80*'TABELA AUXILIAR'!$I$3*(B80-A80) -> 712.25033 | O80: =$L80*'TABELA AUXILIAR'!$I$4*(B80-A80) -> 772.86737 | P80: =$L80*'TABELA AUXILIAR'!$I$5*(B80-A80) -> 892.20719 | Q80: =$M80*'TABELA AUXILIAR'!$J$3+SUM(N$2:N80) -> 43318.105 | R80: =$M80*'TABELA AUXILIAR'!$J$4+SUM(O$2:O80) -> 47316.774 | S80: =$M80*'TABELA AUXILIAR'!$J$5+SUM(P$2:P80) -> 55408.421
A81: 47.4 | B81: 48 | C81: 50 | D81: Gravas | E81: GW-GM | F81: {=_xlfn.XLOOKUP(D81,'TABELA AUXILIAR'!$A$2:$A$5,IF('SPT-02'!A81<3,'TABELA AUXILIAR'!$B$2:$B$5,'TABELA AUXILIAR'!$C$2:$C$5),"",0,1)} -> 10.5 | G81: =C81 / MIN(2, SQRT(101.3/J81)) -> 105.64637 | H81: =27.5+9.2*LOG10(C81) -> 43.130524 | I81: =IF(D81="Areias",101.3*0.47*(G81)^0.8,101.3*0.15*(G81)) -> 1605.2966 | J81: =J80+(B80-A80)/2*F80+(B81-A81)/2*F81 -> 452.25 | K81: =(1-SIN(RADIANS(H81)))*(I81/J81)^SIN(RADIANS(H81))*TAN(RADIANS(H81)) -> 0.70457109 | L81: =K81*J81 -> 318.64227 | M81: =0.59*(G81*101.3/J81)^0.8*J81 -> 3353.5048 | N81: =$L81*'TABELA AUXILIAR'!$I$3*(B81-A81) -> 718.85697 | O81: =$L81*'TABELA AUXILIAR'!$I$4*(B81-A81) -> 780.03629 | P81: =$L81*'TABELA AUXILIAR'!$I$5*(B81-A81) -> 900.48307 | Q81: =$M81*'TABELA AUXILIAR'!$J$3+SUM(N$2:N81) -> 44068.724 | R81: =$M81*'TABELA AUXILIAR'!$J$4+SUM(O$2:O81) -> 48133.913 | S81: =$M81*'TABELA AUXILIAR'!$J$5+SUM(P$2:P81) -> 56358.374

Sheet SPT-03
A1: Prof_Inicial_m | B1: Prof_Final_m | C1: N1_60 | D1: Grupo_Solo | E1: Classe_SUCS | F1: Peso | G1: N60 | H1: 𝜑′𝑓 | I1: σ' p (kPa) | J1: σ' v (kPa) | K1: β | L1: qs (kPa) | M1: qp (kPa) | N1: Rs-1,2m (kN) | O1: Rs-1,3m (kN) | P1: Rs-1,5m (kN) | Q1: Rn-1,2m (kN) | R1: Rn-1,3m (kN) | S1: Rn-1,5m (kN) | T1: Radm-1,2m (kN) | U1: Radm-1,3m (kN) | V1: Radm-1,5m (kN)
A2: 0 | B2: 0.6 | C2: 36 | D2: Areias | E2: SM | F2: {=_xlfn.XLOOKUP(D2,'TABELA AUXILIAR'!$A$2:$A$5,IF('SPT-03'!A2<3,'TABELA AUXILIAR'!$B$2:$B$5,'TABELA AUXILIAR'!$C$2:$C$5),"",0,1)} -> 18.5 | G2: =C2 / MIN(2, SQRT(101.3/J2)) -> 18 | H2: =27.5+9.2*LOG10(C2) -> 41.817983 | I2: =IF(D2="Areias",101.3*0.47*(G2)^0.8,101.3*0.15*(G2)) -> 480.75666 | J2: =(B2-A2)/2*F2 -> 5.55 | K2: =(1-SIN(RADIANS(H2)))*(I2/J2)^SIN(RADIANS(H2))*TAN(RADIANS(H2)) -> 5.8392744 | L2: =K2*J2 -> 32.407973 | M2: =0.59*(G2*101.3/J2)^0.8*J2 -> 337.61067 | N2: =$L2*'TABELA AUXILIAR'!$I$3*(B2-A2) -> 73.112387 | O2: =$L2*'TABELA AUXILIAR'!$I$4*(B2-A2) -> 79.334718 | P2: =$L2*'TABELA AUXILIAR'!$I$5*(B2-A2) -> 91.584932 | Q2: =$M2*'TABELA AUXILIAR'!$J$3+SUM(N$2:N2) -> 454.61245 | R2: =$M2*'TABELA AUXILIAR'!$J$4+SUM(O$2:O2) -> 524.98081 | S2: =$M2*'TABELA AUXILIAR'!$J$5+SUM(P$2:P2) -> 685.77972 | T2: =ROUNDDOWN(Q2/2,0) -> 227 | U2: =ROUNDDOWN(R2/2,0) -> 262 | V2: =ROUNDDOWN(S2/2,0) -> 342
A3: 0.6 | B3: 1.2 | C3: 13 | D3: Areias | E3: SM | F3: {=_xlfn.XLOOKUP(D3,'TABELA AUXILIAR'!$A$2:$A$5,IF('SPT-03'!A3<3,'TABELA AUXILIAR'!$B$2:$B$5,'TABELA AUXILIAR'!$C$2:$C$5),"",0,1)} -> 18.5 | G3: =C3 / MIN(2, SQRT(101.3/J3)) -> 6.5 | H3: =27.5+9.2*LOG10(C3) -> 37.748279 | I3: =IF(D3="Areias",101.3*0.47*(G3)^0.8,101.3*0.15*(G3)) -> 212.83252 | J3: =J2+(B2-A2)/2*F2+(B3-A3)/2*F3 -> 16.65 | K3: =(1-SIN(RADIANS(H3)))*(I3/J3)^SIN(RADIANS(H3))*TAN(RADIANS(H3)) -> 1.4287478 | L3: =K3*J3 -> 23.788651 | M3: =0.59*(G3*101.3/J3)^0.8*J3 -> 186.18861 | N3: =$L3*'TABELA AUXILIAR'!$I$3*(B3-A3) -> 53.667196 | O3: =$L3*'TABELA AUXILIAR'!$I$4*(B3-A3) -> 58.234617 | P3: =$L3*'TABELA AUXILIAR'!$I$5*(B3-A3) -> 67.226727 | Q3: =$M3*'TABELA AUXILIAR'!$J$3+SUM(N$2:N3) -> 337.17271 | R3: =$M3*'TABELA AUXILIAR'!$J$4+SUM(O$2:O3) -> 383.3383 | S3: =$M3*'TABELA AUXILIAR'!$J$5+SUM(P$2:P3) -> 486.50361 | T3: =ROUNDDOWN(Q3/2,0) -> 168 | U3: =ROUNDDOWN(R3/2,0) -> 191 | V3: =ROUNDDOWN(S3/2,0) -> 243
A4: 1.2 | B4: 1.8 | C4: 13 | D4: Finos | E4: CL | F4: {=_xlfn.XLOOKUP(D4,'TABELA AUXILIAR'!$A$2:$A$5,IF('SPT-03'!A4<3,'TABELA AUXILIAR'!$B$2:$B$5,'TABELA AUXILIAR'!$C$2:$C$5),"",0,1)} -> 18 | G4: =C4 / MIN(2, SQRT(101.3/J4)) -> 6.7856768 | H4: =27.5+9.2*LOG10(C4) -> 37.748279 | I4: =IF(D4="Areias",101.3*0.47*(G4)^0.8,101.3*0.15*(G4)) -> 103.10836 | J4: =J3+(B3-A3)/2*F3+(B4-A4)/2*F4 -> 27.6 | K4: =(1-SIN(RADIANS(H4)))*(I4/J4)^SIN(RADIANS(H4))*TAN(RADIANS(H4)) -> 0.67281852 | L4: =K4*J4 -> 18.569791 | M4: =0.59*(G4*101.3/J4)^0.8*J4 -> 213.20428 | N4: =$L4*'TABELA AUXILIAR'!$I$3*(B4-A4) -> 41.893449 | O4: =$L4*'TABELA AUXILIAR'!$I$4*(B4-A4) -> 45.458849 | P4: =$L4*'TABELA AUXILIAR'!$I$5*(B4-A4) -> 52.47823 | Q4: =$M4*'TABELA AUXILIAR'!$J$3+SUM(N$2:N4) -> 409.59387 | R4: =$M4*'TABELA AUXILIAR'!$J$4+SUM(O$2:O4) -> 464.45783 | S4: =$M4*'TABELA AUXILIAR'!$J$5+SUM(P$2:P4) -> 586.52942 | T4: =ROUNDDOWN(Q4/2,0) -> 204 | U4: =ROUNDDOWN(R4/2,0) -> 232 | V4: =ROUNDDOWN(S4/2,0) -> 293
A5: 1.8 | B5: 2.4 | C5: 23 | D5: Finos | E5: CL | F5: {=_xlfn.XLOOKUP(D5,'TABELA AUXILIAR'!$A$2:$A$5,IF('SPT-03'!A5<3,'TABELA AUXILIAR'!$B$2:$B$5,'TABELA AUXILIAR'!$C$2:$C$5),"",0,1)} -> 18 | G5: =C5 / MIN(2, SQRT(101.3/J5)) -> 14.160831 | H5: =27.5+9.2*LOG10(C5) -> 40.027896 | I5: =IF(D5="Areias",101.3*0.47*(G5)^0.8,101.3*0.15*(G5)) -> 215.17382 | J5: =J4+(B4-A4)/2*F4+(B5-A5)/2*F5 -> 38.4 | K5: =(1-SIN(RADIANS(H5)))*(I5/J5)^SIN(RADIANS(H5))*TAN(RADIANS(H5)) -> 0.90801827 | L5: =K5*J5 -> 34.867902 | M5: =0.59*(G5*101.3/J5)^0.8*J5 -> 410.27664 | N5: =$L5*'TABELA AUXILIAR'!$I$3*(B5-A5) -> 78.661986 | O5: =$L5*'TABELA AUXILIAR'!$I$4*(B5-A5) -> 85.356623 | P5: =$L5*'TABELA AUXILIAR'!$I$5*(B5-A5) -> 98.53669 | Q5: =$M5*'TABELA AUXILIAR'!$J$3+SUM(N$2:N5) -> 710.94762 | R5: =$M5*'TABELA AUXILIAR'!$J$4+SUM(O$2:O5) -> 809.94998 | S5: =$M5*'TABELA AUXILIAR'!$J$5+SUM(P$2:P5) -> 1031.9135 | T5: =ROUNDDOWN(Q5/2,0) -> 355 | U5: =ROUNDDOWN(R5/2,0) -> 404 | V5: =ROUNDDOWN(S5/2,0) -> 515
A6: 2.4 | B6: 3 | C6: 45 | D6: Finos | E6: CL | F6: {=_xlfn.XLOOKUP(D6,'TABELA AUXILIAR'!$A$2:$A$5,IF('SPT-03'!A6<3,'TABELA AUXILIAR'!$B$2:$B$5,'TABELA AUXILIAR'!$C$2:$C$5),"",0,1)} -> 18 | G6: =C6 / MIN(2, SQRT(101.3/J6)) -> 31.361032 | H6: =27.5+9.2*LOG10(C6) -> 42.709555 | I6: =IF(D6="Areias",101.3*0.47*(G6)^0.8,101.3*0.15*(G6)) -> 476.53088 | J6: =J5+(B5-A5)/2*F5+(B6-A6)/2*F6 -> 49.2 | K6: =(1-SIN(RADIANS(H6)))*(I6/J6)^SIN(RADIANS(H6))*TAN(RADIANS(H6)) -> 1.3854382 | L6: =K6*J6 -> 68.16356 | M6: =0.59*(G6*101.3/J6)^0.8*J6 -> 814.41331 | N6: =$L6*'TABELA AUXILIAR'!$I$3*(B6-A6) -> 153.77699 | O6: =$L6*'TABELA AUXILIAR'!$I$4*(B6-A6) -> 166.8644 | P6: =$L6*'TABELA AUXILIAR'!$I$5*(B6-A6) -> 192.63022 | Q6: =$M6*'TABELA AUXILIAR'!$J$3+SUM(N$2:N6) -> 1321.3991 | R6: =$M6*'TABELA AUXILIAR'!$J$4+SUM(O$2:O6) -> 1510.2748 | S6: =$M6*'TABELA AUXILIAR'!$J$5+SUM(P$2:P6) -> 1935.8242 | T6: =ROUNDDOWN(Q6/2,0) -> 660 | U6: =ROUNDDOWN(R6/2,0) -> 755 | V6: =ROUNDDOWN(S6/2,0) -> 967
A7: 3 | B7: 3.6 | C7: 41 | D7: Areias | E7: SM | F7: {=_xlfn.XLOOKUP(D7,'TABELA AUXILIAR'!$A$2:$A$5,IF('SPT-03'!A7<3,'TABELA AUXILIAR'!$B$2:$B$5,'TABELA AUXILIAR'!$C$2:$C$5),"",0,1)} -> 8.5 | G7: =C7 / MIN(2, SQRT(101.3/J7)) -> 30.795499 | H7: =27.5+9.2*LOG10(C7) -> 42.337611 | I7: =IF(D7="Areias",101.3*0.47*(G7)^0.8,101.3*0.15*(G7)) -> 738.74934 | J7: =J6+(B6-A6)/2*F6+(B7-A7)/2*F7 -> 57.15 | K7: =(1-SIN(RADIANS(H7)))*(I7/J7)^SIN(RADIANS(H7))*TAN(RADIANS(H7)) -> 1.6674264 | L7: =K7*J7 -> 95.293419 | M7: =0.59*(G7*101.3/J7)^0.8*J7 -> 827.05162 | N7: =$L7*'TABELA AUXILIAR'!$I$3*(B7-A7) -> 214.98195 | O7: =$L7*'TABELA AUXILIAR'!$I$4*(B7-A7) -> 233.27829 | P7: =$L7*'TABELA AUXILIAR'!$I$5*(B7-A7) -> 269.2992 | Q7: =$M7*'TABELA AUXILIAR'!$J$3+SUM(N$2:N7) -> 1550.6623 | R7: =$M7*'TABELA AUXILIAR'!$J$4+SUM(O$2:O7) -> 1760.2356 | S7: =$M7*'TABELA AUXILIAR'!$J$5+SUM(P$2:P7) -> 2227.3669 | T7: =ROUNDDOWN(Q7/2,0) -> 775 | U7: =ROUNDDOWN(R7/2,0) -> 880 | V7: =ROUNDDOWN(S7/2,0) -> 1113
A8: 3.6 | B8: 4.2 | C8: 37 | D8: Areias | E8: SM | F8: {=_xlfn.XLOOKUP(D8,'TABELA AUXILIAR'!$A$2:$A$5,IF('SPT-03'!A8<3,'TABELA AUXILIAR'!$B$2:$B$5,'TABELA AUXILIAR'!$C$2:$C$5),"",0,1)} -> 8.5 | G8: =C8 / MIN(2, SQRT(101.3/J8)) -> 29.004587 | H8: =27.5+9.2*LOG10(C8) -> 41.927456 | I8: =IF(D8="Areias",101.3*0.47*(G8)^0.8,101.3*0.15*(G8)) -> 704.17507 | J8: =J7+(B7-A7)/2*F7+(B8-A8)/2*F8 -> 62.25 | K8: =(1-SIN(RADIANS(H8)))*(I8/J8)^SIN(RADIANS(H8))*TAN(RADIANS(H8)) -> 1.5072557 | L8: =K8*J8 -> 93.826665 | M8: =0.59*(G8*101.3/J8)^0.8*J8 -> 801.93798 | N8: =$L8*'TABELA AUXILIAR'!$I$3*(B8-A8) -> 211.67296 | O8: =$L8*'TABELA AUXILIAR'!$I$4*(B8-A8) -> 229.68768 | P8: =$L8*'TABELA AUXILIAR'!$I$5*(B8-A8) -> 265.15416 | Q8: =$M8*'TABELA AUXILIAR'!$J$3+SUM(N$2:N8) -> 1733.9568 | R8: =$M8*'TABELA AUXILIAR'!$J$4+SUM(O$2:O8) -> 1956.7733 | S8: =$M8*'TABELA AUXILIAR'!$J$5+SUM(P$2:P8) -> 2448.321 | T8: =ROUNDDOWN(Q8/2,0) -> 866 | U8: =ROUNDDOWN(R8/2,0) -> 978 | V8: =ROUNDDOWN(S8/2,0) -> 1224
A9: 4.2 | B9: 4.8 | C9: 41 | D9: Areias | E9: SM | F9: {=_xlfn.XLOOKUP(D9,'TABELA AUXILIAR'!$A$2:$A$5,IF('SPT-03'!A9<3,'TABELA AUXILIAR'!$B$2:$B$5,'TABELA AUXILIAR'!$C$2:$C$5),"",0,1)} -> 8.5 | G9: =C9 / MIN(2, SQRT(101.3/J9)) -> 33.43089 | H9: =27.5+9.2*LOG10(C9) -> 42.337611 | I9: =IF(D9="Areias",101.3*0.47*(G9)^0.8,101.3*0.15*(G9)) -> 788.90671 | J9: =J8+(B8-A8)/2*F8+(B9-A9)/2*F9 -> 67.35 | K9: =(1-SIN(RADIANS(H9)))*(I9/J9)^SIN(RADIANS(H9))*TAN(RADIANS(H9)) -> 1.5603636 | L9: =K9*J9 -> 105.09049 | M9: =0.59*(G9*101.3/J9)^0.8*J9 -> 912.6945 | N9: =$L9*'TABELA AUXILIAR'!$I$3*(B9-A9) -> 237.08414 | O9: =$L9*'TABELA AUXILIAR'!$I$4*(B9-A9) -> 257.26151 | P9: =$L9*'TABELA AUXILIAR'!$I$5*(B9-A9) -> 296.98571 | Q9: =$M9*'TABELA AUXILIAR'!$J$3+SUM(N$2:N9) -> 2096.1958 | R9: =$M9*'TABELA AUXILIAR'!$J$4+SUM(O$2:O9) -> 2360.2334 | S9: =$M9*'TABELA AUXILIAR'!$J$5+SUM(P$2:P9) -> 2940.2382 | T9: =ROUNDDOWN(Q9/2,0) -> 1048 | U9: =ROUNDDOWN(R9/2,0) -> 1180 | V9: =ROUNDDOWN(S9/2,0) -> 1470
A10: 4.8 | B10: 5.4 | C10: 32 | D10: Areias | E10: SM | F10: {=_xlfn.XLOOKUP(D10,'TABELA AUXILIAR'!$A$2:$A$5,IF('SPT-03'!A10<3,'TABELA AUXILIAR'!$B$2:$B$5,'TABELA AUXILIAR'!$C$2:$C$5),"",0,1)} -> 8.5 | G10: =C10 / MIN(2, SQRT(101.3/J10)) -> 27.062284 | H10: =27.5+9.2*LOG10(C10) -> 41.34738 | I10: =IF(D10="Areias",101.3*0.47*(G10)^0.8,101.3*0.15*(G10)) -> 666.19116 | J10: =J9+(B9-A9)/2*F9+(B10-A10)/2*F10 -> 72.45 | K10: =(1-SIN(RADIANS(H10)))*(I10/J10)^SIN(RADIANS(H10))*TAN(RADIANS(H10)) -> 1.2933299 | L10: =K10*J10 -> 93.70175 | M10: =0.59*(G10*101.3/J10)^0.8*J10 -> 782.05772 | N10: =$L10*'TABELA AUXILIAR'!$I$3*(B10-A10) -> 211.39115 | O10: =$L10*'TABELA AUXILIAR'!$I$4*(B10-A10) -> 229.38189 | P10: =$L10*'TABELA AUXILIAR'!$I$5*(B10-A10) -> 264.80115 | Q10: =$M10*'TABELA AUXILIAR'!$J$3+SUM(N$2:N10) -> 2159.9674 | R10: =$M10*'TABELA AUXILIAR'!$J$4+SUM(O$2:O10) -> 2417.1748 | S10: =$M10*'TABELA AUXILIAR'!$J$5+SUM(P$2:P10) -> 2975.1186 | T10: =ROUNDDOWN(Q10/2,0) -> 1079 | U10: =ROUNDDOWN(R10/2,0) -> 1208 | V10: =ROUNDDOWN(S10/2,0) -> 1487
A11: 5.4 | B11: 6 | C11: 26 | D11: Areias | E11: SM | F11: {=_xlfn.XLOOKUP(D11,'TABELA AUXILIAR'!$A$2:$A$5,IF('SPT-03'!A11<3,'TABELA AUXILIAR'!$B$2:$B$5,'TABELA AUXILIAR'!$C$2:$C$5),"",0,1)} -> 8.5 | G11: =C11 / MIN(2, SQRT(101.3/J11)) -> 22.748854 | H11: =27.5+9.2*LOG10(C11) -> 40.517755 | I11: =IF(D11="Areias",101.3*0.47*(G11)^0.8,101.3*0.15*(G11)) -> 579.79561 | J11: =J10+(B10-A10)/2*F10+(B11-A11)/2*F11 -> 77.55 | K11: =(1-SIN(RADIANS(H11)))*(I11/J11)^SIN(RADIANS(H11))*TAN(RADIANS(H11)) -> 1.1062568 | L11: =K11*J11 -> 85.790213 | M11: =0.59*(G11*101.3/J11)^0.8*J11 -> 689.95942 | N11: =$L11*'TABELA AUXILIAR'!$I$3*(B11-A11) -> 193.54272 | O11: =$L11*'TABELA AUXILIAR'!$I$4*(B11-A11) -> 210.01444 | P11: =$L11*'TABELA AUXILIAR'!$I$5*(B11-A11) -> 242.44314 | Q11: =$M11*'TABELA AUXILIAR'!$J$3+SUM(N$2:N11) -> 2249.4391 | R11: =$M11*'TABELA AUXILIAR'!$J$4+SUM(O$2:O11) -> 2505.6194 | S11: =$M11*'TABELA AUXILIAR'!$J$5+SUM(P$2:P11) -> 3055.4687 | T11: =ROUNDDOWN(Q11/2,0) -> 1124 | U11: =ROUNDDOWN(R11/2,0) -> 1252 | V11: =ROUNDDOWN(S11/2,0) -> 1527
A12: 6 | B12: 6.6 | C12: 35 | D12: Areias | E12: SM | F12: {=_xlfn.XLOOKUP(D12,'TABELA AUXILIAR'!$A$2:$A$5,IF('SPT-03'!A12<3,'TABELA AUXILIAR'!$B$2:$B$5,'TABELA AUXILIAR'!$C$2:$C$5),"",0,1)} -> 8.5 | G12: =C12 / MIN(2, SQRT(101.3/J12)) -> 31.614386 | H12: =27.5+9.2*LOG10(C12) -> 41.705426 | I12: =IF(D12="Areias",101.3*0.47*(G12)^0.8,101.3*0.15*(G12)) -> 754.42332 | J12: =J11+(B11-A11)/2*F11+(B12-A12)/2*F12 -> 82.65 | K12: =(1-SIN(RADIANS(H12)))*(I12/J12)^SIN(RADIANS(H12))*TAN(RADIANS(H12)) -> 1.2987803 | L12: =K12*J12 -> 107.34419 | M12: =0.59*(G12*101.3/J12)^0.8*J12 -> 909.27644 | N12: =$L12*'TABELA AUXILIAR'!$I$3*(B12-A12) -> 242.16849 | O12: =$L12*'TABELA AUXILIAR'!$I$4*(B12-A12) -> 262.77857 | P12: =$L12*'TABELA AUXILIAR'!$I$5*(B12-A12) -> 303.35468 | Q12: =$M12*'TABELA AUXILIAR'!$J$3+SUM(N$2:N12) -> 2739.4358 | R12: =$M12*'TABELA AUXILIAR'!$J$4+SUM(O$2:O12) -> 3057.8965 | S12: =$M12*'TABELA AUXILIAR'!$J$5+SUM(P$2:P12) -> 3744.8214 | T12: =ROUNDDOWN(Q12/2,0) -> 1369 | U12: =ROUNDDOWN(R12/2,0) -> 1528 | V12: =ROUNDDOWN(S12/2,0) -> 1872
A13: 6.6 | B13: 7.2 | C13: 19 | D13: Areias | E13: SM | F13: {=_xlfn.XLOOKUP(D13,'TABELA AUXILIAR'!$A$2:$A$5,IF('SPT-03'!A13<3,'TABELA AUXILIAR'!$B$2:$B$5,'TABELA AUXILIAR'!$C$2:$C$5),"",0,1)} -> 8.5 | G13: =C13 / MIN(2, SQRT(101.3/J13)) -> 17.683672 | H13: =27.5+9.2*LOG10(C13) -> 39.264533 | I13: =IF(D13="Areias",101.3*0.47*(G13)^0.8,101.3*0.15*(G13)) -> 473.98572 | J13: =J12+(B12-A12)/2*F12+(B13-A13)/2*F13 -> 87.75 | K13: =(1-SIN(RADIANS(H13)))*(I13/J13)^SIN(RADIANS(H13))*TAN(RADIANS(H13)) -> 0.87268884 | L13: =K13*J13 -> 76.578446 | M13: =0.59*(G13*101.3/J13)^0.8*J13 -> 578.15854 | N13: =$L13*'TABELA AUXILIAR'!$I$3*(B13-A13) -> 172.76097 | O13: =$L13*'TABELA AUXILIAR'!$I$4*(B13-A13) -> 187.46403 | P13: =$L13*'TABELA AUXILIAR'!$I$5*(B13-A13) -> 216.41069 | Q13: =$M13*'TABELA AUXILIAR'!$J$3+SUM(N$2:N13) -> 2538.0335 | R13: =$M13*'TABELA AUXILIAR'!$J$4+SUM(O$2:O13) -> 2808.2849 | S13: =$M13*'TABELA AUXILIAR'!$J$5+SUM(P$2:P13) -> 3378.4646 | T13: =ROUNDDOWN(Q13/2,0) -> 1269 | U13: =ROUNDDOWN(R13/2,0) -> 1404 | V13: =ROUNDDOWN(S13/2,0) -> 1689
A14: 7.2 | B14: 7.8 | C14: 28 | D14: Gravas | E14: GW | F14: {=_xlfn.XLOOKUP(D14,'TABELA AUXILIAR'!$A$2:$A$5,IF('SPT-03'!A14<3,'TABELA AUXILIAR'!$B$2:$B$5,'TABELA AUXILIAR'!$C$2:$C$5),"",0,1)} -> 10.5 | G14: =C14 / MIN(2, SQRT(101.3/J14)) -> 26.89323 | H14: =27.5+9.2*LOG10(C14) -> 40.813854 | I14: =IF(D14="Areias",101.3*0.47*(G14)^0.8,101.3*0.15*(G14)) -> 408.64263 | J14: =J13+(B13-A13)/2*F13+(B14-A14)/2*F14 -> 93.45 | K14: =(1-SIN(RADIANS(H14)))*(I14/J14)^SIN(RADIANS(H14))*TAN(RADIANS(H14)) -> 0.78467772 | L14: =K14*J14 -> 73.328133 | M14: =0.59*(G14*101.3/J14)^0.8*J14 -> 818.78485 | N14: =$L14*'TABELA AUXILIAR'!$I$3*(B14-A14) -> 165.42827 | O14: =$L14*'TABELA AUXILIAR'!$I$4*(B14-A14) -> 179.50727 | P14: =$L14*'TABELA AUXILIAR'!$I$5*(B14-A14) -> 207.2253 | Q14: =$M14*'TABELA AUXILIAR'!$J$3+SUM(N$2:N14) -> 2975.3695 | R14: =$M14*'TABELA AUXILIAR'!$J$4+SUM(O$2:O14) -> 3305.4189 | S14: =$M14*'TABELA AUXILIAR'!$J$5+SUM(P$2:P14) -> 4009.1922 | T14: =ROUNDDOWN(Q14/2,0) -> 1487 | U14: =ROUNDDOWN(R14/2,0) -> 1652 | V14: =ROUNDDOWN(S14/2,0) -> 2004
... A75: 43.8 | B75: 44.4 | C75: 50 | D75: Areias | E75: SM | F75: {=_xlfn.XLOOKUP(D75,'TABELA AUXILIAR'!$A$2:$A$5,IF('SPT-03'!A75<3,'TABELA AUXILIAR'!$B$2:$B$5,'TABELA AUXILIAR'!$C$2:$C$5),"",0,1)} -> 8.5 | G75: =C75 / MIN(2, SQRT(101.3/J75)) -> 103.77262 | H75: =27.5+9.2*LOG10(C75) -> 43.130524 | I75: =IF(D75="Areias",101.3*0.47*(G75)^0.8,101.3*0.15*(G75)) -> 1952.4212 | J75: =J74+(B74-A74)/2*F74+(B75-A75)/2*F75 -> 436.35 | K75: =(1-SIN(RADIANS(H75)))*(I75/J75)^SIN(RADIANS(H75))*TAN(RADIANS(H75)) -> 0.82542039 | L75: =K75*J75 -> 360.17219 | M75: =0.59*(G75*101.3/J75)^0.8*J75 -> 3282.2585 | N75: =$L75*'TABELA AUXILIAR'!$I$3*(B75-A75) -> 812.54846 | O75: =$L75*'TABELA AUXILIAR'!$I$4*(B75-A75) -> 881.70152 | P75: =$L75*'TABELA AUXILIAR'!$I$5*(B75-A75) -> 1017.8466 | Q75: =$M75*'TABELA AUXILIAR'!$J$3+SUM(N$2:N75) -> 39233.628 | R75: =$M75*'TABELA AUXILIAR'!$J$4+SUM(O$2:O75) -> 42880.633 | S75: =$M75*'TABELA AUXILIAR'!$J$5+SUM(P$2:P75) -> 50277.1 | T75: =ROUNDDOWN(Q75/2,0) -> 19616 | U75: =ROUNDDOWN(R75/2,0) -> 21440 | V75: =ROUNDDOWN(S75/2,0) -> 25138
A76: 44.4 | B76: 45 | C76: 50 | D76: Areias | E76: SM | F76: {=_xlfn.XLOOKUP(D76,'TABELA AUXILIAR'!$A$2:$A$5,IF('SPT-03'!A76<3,'TABELA AUXILIAR'!$B$2:$B$5,'TABELA AUXILIAR'!$C$2:$C$5),"",0,1)} -> 8.5 | G76: =C76 / MIN(2, SQRT(101.3/J76)) -> 104.3773 | H76: =27.5+9.2*LOG10(C76) -> 43.130524 | I76: =IF(D76="Areias",101.3*0.47*(G76)^0.8,101.3*0.15*(G76)) -> 1961.5173 | J76: =J75+(B75-A75)/2*F75+(B76-A76)/2*F76 -> 441.45 | K76: =(1-SIN(RADIANS(H76)))*(I76/J76)^SIN(RADIANS(H76))*TAN(RADIANS(H76)) -> 0.82149536 | L76: =K76*J76 -> 362.64913 | M76: =0.59*(G76*101.3/J76)^0.8*J76 -> 3305.2225 | N76: =$L76*'TABELA AUXILIAR'!$I$3*(B76-A76) -> 818.13643 | O76: =$L76*'TABELA AUXILIAR'!$I$4*(B76-A76) -> 887.76506 | P76: =$L76*'TABELA AUXILIAR'!$I$5*(B76-A76) -> 1024.8464 | Q76: =$M76*'TABELA AUXILIAR'!$J$3+SUM(N$2:N76) -> 40077.714 | R76: =$M76*'TABELA AUXILIAR'!$J$4+SUM(O$2:O76) -> 43798.711 | S76: =$M76*'TABELA AUXILIAR'!$J$5+SUM(P$2:P76) -> 51342.363
A77: 45 | B77: 45.6 | C77: 50 | D77: Areias | E77: SM | F77: {=_xlfn.XLOOKUP(D77,'TABELA AUXILIAR'!$A$2:$A$5,IF('SPT-03'!A77<3,'TABELA AUXILIAR'!$B$2:$B$5,'TABELA AUXILIAR'!$C$2:$C$5),"",0,1)} -> 8.5 | G77: =C77 / MIN(2, SQRT(101.3/J77)) -> 104.97849 | H77: =27.5+9.2*LOG10(C77) -> 43.130524 | I77: =IF(D77="Areias",101.3*0.47*(G77)^0.8,101.3*0.15*(G77)) -> 1970.5505 | J77: =J76+(B76-A76)/2*F76+(B77-A77)/2*F77 -> 446.55 | K77: =(1-SIN(RADIANS(H77)))*(I77/J77)^SIN(RADIANS(H77))*TAN(RADIANS(H77)) -> 0.81763376 | L77: =K77*J77 -> 365.11436 | M77: =0.59*(G77*101.3/J77)^0.8*J77 -> 3328.0807 | N77: =$L77*'TABELA AUXILIAR'!$I$3*(B77-A77) -> 823.69799 | O77: =$L77*'TABELA AUXILIAR'!$I$4*(B77-A77) -> 893.79994 | P77: =$L77*'TABELA AUXILIAR'!$I$5*(B77-A77) -> 1031.8132 | Q77: =$M77*'TABELA AUXILIAR'!$J$3+SUM(N$2:N77) -> 40927.241 | R77: =$M77*'TABELA AUXILIAR'!$J$4+SUM(O$2:O77) -> 44722.684 | S77: =$M77*'TABELA AUXILIAR'!$J$5+SUM(P$2:P77) -> 52414.407
A78: 45.6 | B78: 46.2 | C78: 50 | D78: Areias | E78: SM | F78: {=_xlfn.XLOOKUP(D78,'TABELA AUXILIAR'!$A$2:$A$5,IF('SPT-03'!A78<3,'TABELA AUXILIAR'!$B$2:$B$5,'TABELA AUXILIAR'!$C$2:$C$5),"",0,1)} -> 8.5 | G78: =C78 / MIN(2, SQRT(101.3/J78)) -> 105.57626 | H78: =27.5+9.2*LOG10(C78) -> 43.130524 | I78: =IF(D78="Areias",101.3*0.47*(G78)^0.8,101.3*0.15*(G78)) -> 1979.522 | J78: =J77+(B77-A77)/2*F77+(B78-A78)/2*F78 -> 451.65 | K78: =(1-SIN(RADIANS(H78)))*(I78/J78)^SIN(RADIANS(H78))*TAN(RADIANS(H78)) -> 0.81383386 | L78: =K78*J78 -> 367.56806 | M78: =0.59*(G78*101.3/J78)^0.8*J78 -> 3350.8347 | N78: =$L78*'TABELA AUXILIAR'!$I$3*(B78-A78) -> 829.23355 | O78: =$L78*'TABELA AUXILIAR'!$I$4*(B78-A78) -> 899.80661 | P78: =$L78*'TABELA AUXILIAR'!$I$5*(B78-A78) -> 1038.7473 | Q78: =$M78*'TABELA AUXILIAR'!$J$3+SUM(N$2:N78) -> 41782.187 | R78: =$M78*'TABELA AUXILIAR'!$J$4+SUM(O$2:O78) -> 45652.526 | S78: =$M78*'TABELA AUXILIAR'!$J$5+SUM(P$2:P78) -> 53493.201
A79: 46.2 | B79: 46.8 | C79: 50 | D79: Areias | E79: SM | F79: {=_xlfn.XLOOKUP(D79,'TABELA AUXILIAR'!$A$2:$A$5,IF('SPT-03'!A79<3,'TABELA AUXILIAR'!$B$2:$B$5,'TABELA AUXILIAR'!$C$2:$C$5),"",0,1)} -> 8.5 | G79: =C79 / MIN(2, SQRT(101.3/J79)) -> 106.17067 | H79: =27.5+9.2*LOG10(C79) -> 43.130524 | I79: =IF(D79="Areias",101.3*0.47*(G79)^0.8,101.3*0.15*(G79)) -> 1988.4329 | J79: =J78+(B78-A78)/2*F78+(B79-A79)/2*F79 -> 456.75 | K79: =(1-SIN(RADIANS(H79)))*(I79/J79)^SIN(RADIANS(H79))*TAN(RADIANS(H79)) -> 0.81009398 | L79: =K79*J79 -> 370.01043 | M79: =0.59*(G79*101.3/J79)^0.8*J79 -> 3373.4861 | N79: =$L79*'TABELA AUXILIAR'!$I$3*(B79-A79) -> 834.74352 | O79: =$L79*'TABELA AUXILIAR'!$I$4*(B79-A79) -> 905.78553 | P79: =$L79*'TABELA AUXILIAR'!$I$5*(B79-A79) -> 1045.6495 | Q79: =$M79*'TABELA AUXILIAR'!$J$3+SUM(N$2:N79) -> 42642.526 | R79: =$M79*'TABELA AUXILIAR'!$J$4+SUM(O$2:O79) -> 46588.211 | S79: =$M79*'TABELA AUXILIAR'!$J$5+SUM(P$2:P79) -> 54578.717
A80: 46.8 | B80: 47 | C80: 50 | D80: Areias | E80: SM | F80: {=_xlfn.XLOOKUP(D80,'TABELA AUXILIAR'!$A$2:$A$5,IF('SPT-03'!A80<3,'TABELA AUXILIAR'!$B$2:$B$5,'TABELA AUXILIAR'!$C$2:$C$5),"",0,1)} -> 8.5 | G80: =C80 / MIN(2, SQRT(101.3/J80)) -> 106.5651 | H80: =27.5+9.2*LOG10(C80) -> 43.130524 | I80: =IF(D80="Areias",101.3*0.47*(G80)^0.8,101.3*0.15*(G80)) -> 1994.3405 | J80: =J79+(B79-A79)/2*F79+(B80-A80)/2*F80 -> 460.15 | K80: =(1-SIN(RADIANS(H80)))*(I80/J80)^SIN(RADIANS(H80))*TAN(RADIANS(H80)) -> 0.80763329 | L80: =K80*J80 -> 371.63246 | M80: =0.59*(G80*101.3/J80)^0.8*J80 -> 3388.5309 | N80: =$L80*'TABELA AUXILIAR'!$I$3*(B80-A80) -> 279.46761 | O80: =$L80*'TABELA AUXILIAR'!$I$4*(B80-A80) -> 303.25209 | P80: =$L80*'TABELA AUXILIAR'!$I$5*(B80-A80) -> 350.07778 | Q80: =$M80*'TABELA AUXILIAR'!$J$3+SUM(N$2:N80) -> 42938.995 | R80: =$M80*'TABELA AUXILIAR'!$J$4+SUM(O$2:O80) -> 46911.322 | S80: =$M80*'TABELA AUXILIAR'!$J$5+SUM(P$2:P80) -> 54955.274

Sheet SPT-04
A1: Prof_Inicial_m | B1: Prof_Final_m | C1: N1_60 | D1: Grupo_Solo | E1: Classe_SUCS | F1: Peso | G1: N60 | H1: 𝜑′𝑓 | I1: σ' p (kPa) | J1: σ' v (kPa) | K1: β | L1: qs (kPa) | M1: qp (kPa) | N1: Rs-1,2m (kN) | O1: Rs-1,3m (kN) | P1: Rs-1,5m (kN) | Q1: Rn-1,2m (kN) | R1: Rn-1,3m (kN) | S1: Rn-1,5m (kN) | T1: Radm-1,2m (kN) | U1: Radm-1,3m (kN) | V1: Radm-1,5m (kN)
A2: 0 | B2: 0.6 | C2: 42 | D2: Finos | E2: CL | F2: {=_xlfn.XLOOKUP(D2,'TABELA AUXILIAR'!$A$2:$A$5,IF('SPT-04'!A2<3,'TABELA AUXILIAR'!$B$2:$B$5,'TABELA AUXILIAR'!$C$2:$C$5),"",0,1)} -> 18 | G2: =C2 / MIN(2, SQRT(101.3/J2)) -> 21 | H2: =27.5+9.2*LOG10(C2) -> 42.433893 | I2: =IF(D2="Areias",101.3*0.47*(G2)^0.8,101.3*0.15*(G2)) -> 319.095 | J2: =(B2-A2)/2*F2 -> 5.4 | K2: =(1-SIN(RADIANS(H2)))*(I2/J2)^SIN(RADIANS(H2))*TAN(RADIANS(H2)) -> 4.6622575 | L2: =K2*J2 -> 25.17619 | M2: =0.59*(G2*101.3/J2)^0.8*J2 -> 379.83393 | N2: =$L2*'TABELA AUXILIAR'!$I$3*(B2-A2) -> 56.797486 | O2: =$L2*'TABELA AUXILIAR'!$I$4*(B2-A2) -> 61.631314 | P2: =$L2*'TABELA AUXILIAR'!$I$5*(B2-A2) -> 71.147914 | Q2: =$M2*'TABELA AUXILIAR'!$J$3+SUM(N$2:N2) -> 486.00983 | R2: =$M2*'TABELA AUXILIAR'!$J$4+SUM(O$2:O2) -> 563.0121 | S2: =$M2*'TABELA AUXILIAR'!$J$5+SUM(P$2:P2) -> 739.65563 | T2: =ROUNDDOWN(Q2/2,0) -> 243 | U2: =ROUNDDOWN(R2/2,0) -> 281 | V2: =ROUNDDOWN(S2/2,0) -> 369
A3: 0.6 | B3: 1.2 | C3: 29 | D3: Finos | E3: CL | F3: {=_xlfn.XLOOKUP(D3,'TABELA AUXILIAR'!$A$2:$A$5,IF('SPT-04'!A3<3,'TABELA AUXILIAR'!$B$2:$B$5,'TABELA AUXILIAR'!$C$2:$C$5),"",0,1)} -> 18 | G3: =C3 / MIN(2, SQRT(101.3/J3)) -> 14.5 | H3: =27.5+9.2*LOG10(C3) -> 40.954062 | I3: =IF(D3="Areias",101.3*0.47*(G3)^0.8,101.3*0.15*(G3)) -> 220.3275 | J3: =J2+(B2-A2)/2*F2+(B3-A3)/2*F3 -> 16.2 | K3: =(1-SIN(RADIANS(H3)))*(I3/J3)^SIN(RADIANS(H3))*TAN(RADIANS(H3)) -> 1.6546238 | L3: =K3*J3 -> 26.804906 | M3: =0.59*(G3*101.3/J3)^0.8*J3 -> 351.83332 | N3: =$L3*'TABELA AUXILIAR'!$I$3*(B3-A3) -> 60.471867 | O3: =$L3*'TABELA AUXILIAR'!$I$4*(B3-A3) -> 65.618409 | P3: =$L3*'TABELA AUXILIAR'!$I$5*(B3-A3) -> 75.750663 | Q3: =$M3*'TABELA AUXILIAR'!$J$3+SUM(N$2:N3) -> 514.84101 | R3: =$M3*'TABELA AUXILIAR'!$J$4+SUM(O$2:O3) -> 591.66971 | S3: =$M3*'TABELA AUXILIAR'!$J$5+SUM(P$2:P3) -> 766.12523 | T3: =ROUNDDOWN(Q3/2,0) -> 257 | U3: =ROUNDDOWN(R3/2,0) -> 295 | V3: =ROUNDDOWN(S3/2,0) -> 383
A4: 1.2 | B4: 1.8 | C4: 16 | D4: Finos | E4: CL | F4: {=_xlfn.XLOOKUP(D4,'TABELA AUXILIAR'!$A$2:$A$5,IF('SPT-04'!A4<3,'TABELA AUXILIAR'!$B$2:$B$5,'TABELA AUXILIAR'!$C$2:$C$5),"",0,1)} -> 18 | G4: =C4 / MIN(2, SQRT(101.3/J4)) -> 8.2603251 | H4: =27.5+9.2*LOG10(C4) -> 38.577904 | I4: =IF(D4="Areias",101.3*0.47*(G4)^0.8,101.3*0.15*(G4)) -> 125.51564 | J4: =J3+(B3-A3)/2*F3+(B4-A4)/2*F4 -> 27 | K4: =(1-SIN(RADIANS(H4)))*(I4/J4)^SIN(RADIANS(H4))*TAN(RADIANS(H4)) -> 0.78275646 | L4: =K4*J4 -> 21.134424 | M4: =0.59*(G4*101.3/J4)^0.8*J4 -> 248.43343 | N4: =$L4*'TABELA AUXILIAR'!$I$3*(B4-A4) -> 47.679261 | O4: =$L4*'TABELA AUXILIAR'!$I$4*(B4-A4) -> 51.737071 | P4: =$L4*'TABELA AUXILIAR'!$I$5*(B4-A4) -> 59.725883 | Q4: =$M4*'TABELA AUXILIAR'!$J$3+SUM(N$2:N4) -> 445.67839 | R4: =$M4*'TABELA AUXILIAR'!$J$4+SUM(O$2:O4) -> 506.91892 | S4: =$M4*'TABELA AUXILIAR'!$J$5+SUM(P$2:P4) -> 643.8673 | T4: =ROUNDDOWN(Q4/2,0) -> 222 | U4: =ROUNDDOWN(R4/2,0) -> 253 | V4: =ROUNDDOWN(S4/2,0) -> 321
A5: 1.8 | B5: 2.4 | C5: 23 | D5: Finos | E5: CL | F5: {=_xlfn.XLOOKUP(D5,'TABELA AUXILIAR'!$A$2:$A$5,IF('SPT-04'!A5<3,'TABELA AUXILIAR'!$B$2:$B$5,'TABELA AUXILIAR'!$C$2:$C$5),"",0,1)} -> 18 | G5: =C5 / MIN(2, SQRT(101.3/J5)) -> 14.049763 | H5: =27.5+9.2*LOG10(C5) -> 40.027896 | I5: =IF(D5="Areias",101.3*0.47*(G5)^0.8,101.3*0.15*(G5)) -> 213.48616 | J5: =J4+(B4-A4)/2*F4+(B5-A5)/2*F5 -> 37.8 | K5: =(1-SIN(RADIANS(H5)))*(I5/J5)^SIN(RADIANS(H5))*TAN(RADIANS(H5)) -> 0.91262847 | L5: =K5*J5 -> 34.497356 | M5: =0.59*(G5*101.3/J5)^0.8*J5 -> 406.41819 | N5: =$L5*'TABELA AUXILIAR'!$I$3*(B5-A5) -> 77.826035 | O5: =$L5*'TABELA AUXILIAR'!$I$4*(B5-A5) -> 84.449528 | P5: =$L5*'TABELA AUXILIAR'!$I$5*(B5-A5) -> 97.489528 | Q5: =$M5*'TABELA AUXILIAR'!$J$3+SUM(N$2:N5) -> 702.02721 | R5: =$M5*'TABELA AUXILIAR'!$J$4+SUM(O$2:O5) -> 799.90833 | S5: =$M5*'TABELA AUXILIAR'!$J$5+SUM(P$2:P5) -> 1019.41 | T5: =ROUNDDOWN(Q5/2,0) -> 351 | U5: =ROUNDDOWN(R5/2,0) -> 399 | V5: =ROUNDDOWN(S5/2,0) -> 509
A6: 2.4 | B6: 3 | C6: 23 | D6: Finos | E6: CL | F6: {=_xlfn.XLOOKUP(D6,'TABELA AUXILIAR'!$A$2:$A$5,IF('SPT-04'!A6<3,'TABELA AUXILIAR'!$B$2:$B$5,'TABELA AUXILIAR'!$C$2:$C$5),"",0,1)} -> 18 | G6: =C6 / MIN(2, SQRT(101.3/J6)) -> 15.930934 | H6: =27.5+9.2*LOG10(C6) -> 40.027896 | I6: =IF(D6="Areias",101.3*0.47*(G6)^0.8,101.3*0.15*(G6)) -> 242.07055 | J6: =J5+(B5-A5)/2*F5+(B6-A6)/2*F6 -> 48.6 | K6: =(1-SIN(RADIANS(H6)))*(I6/J6)^SIN(RADIANS(H6))*TAN(RADIANS(H6)) -> 0.84177361 | L6: =K6*J6 -> 40.910197 | M6: =0.59*(G6*101.3/J6)^0.8*J6 -> 472.56311 | N6: =$L6*'TABELA AUXILIAR'!$I$3*(B6-A6) -> 92.293405 | O6: =$L6*'TABELA AUXILIAR'!$I$4*(B6-A6) -> 100.14816 | P6: =$L6*'TABELA AUXILIAR'!$I$5*(B6-A6) -> 115.61222 | Q6: =$M6*'TABELA AUXILIAR'!$J$3+SUM(N$2:N6) -> 869.06437 | R6: =$M6*'TABELA AUXILIAR'!$J$4+SUM(O$2:O6) -> 987.3678 | S6: =$M6*'TABELA AUXILIAR'!$J$5+SUM(P$2:P6) -> 1251.4373 | T6: =ROUNDDOWN(Q6/2,0) -> 434 | U6: =ROUNDDOWN(R6/2,0) -> 493 | V6: =ROUNDDOWN(S6/2,0) -> 625
A7: 3 | B7: 3.6 | C7: 34 | D7: Areias | E7: SP-SM | F7: {=_xlfn.XLOOKUP(D7,'TABELA AUXILIAR'!$A$2:$A$5,IF('SPT-04'!A7<3,'TABELA AUXILIAR'!$B$2:$B$5,'TABELA AUXILIAR'!$C$2:$C$5),"",0,1)} -> 8.5 | G7: =C7 / MIN(2, SQRT(101.3/J7)) -> 25.403321 | H7: =27.5+9.2*LOG10(C7) -> 41.589606 | I7: =IF(D7="Areias",101.3*0.47*(G7)^0.8,101.3*0.15*(G7)) -> 633.3149 | J7: =J6+(B6-A6)/2*F6+(B7-A7)/2*F7 -> 56.55 | K7: =(1-SIN(RADIANS(H7)))*(I7/J7)^SIN(RADIANS(H7))*TAN(RADIANS(H7)) -> 1.4832938 | L7: =K7*J7 -> 83.880262 | M7: =0.59*(G7*101.3/J7)^0.8*J7 -> 707.51962 | N7: =$L7*'TABELA AUXILIAR'!$I$3*(B7-A7) -> 189.23387 | O7: =$L7*'TABELA AUXILIAR'!$I$4*(B7-A7) -> 205.33888 | P7: =$L7*'TABELA AUXILIAR'!$I$5*(B7-A7) -> 237.04562 | Q7: =$M7*'TABELA AUXILIAR'!$J$3+SUM(N$2:N7) -> 1323.7991 | R7: =$M7*'TABELA AUXILIAR'!$J$4+SUM(O$2:O7) -> 1502.8493 | S7: =$M7*'TABELA AUXILIAR'!$J$5+SUM(P$2:P7) -> 1902.0064 | T7: =ROUNDDOWN(Q7/2,0) -> 661 | U7: =ROUNDDOWN(R7/2,0) -> 751 | V7: =ROUNDDOWN(S7/2,0) -> 951
A8: 3.6 | B8: 4.2 | C8: 33 | D8: Areias | E8: SP-SM | F8: {=_xlfn.XLOOKUP(D8,'TABELA AUXILIAR'!$A$2:$A$5,IF('SPT-04'!A8<3,'TABELA AUXILIAR'!$B$2:$B$5,'TABELA AUXILIAR'!$C$2:$C$5),"",0,1)} -> 8.5 | G8: =C8 / MIN(2, SQRT(101.3/J8)) -> 25.743984 | H8: =27.5+9.2*LOG10(C8) -> 41.470328 | I8: =IF(D8="Areias",101.3*0.47*(G8)^0.8,101.3*0.15*(G8)) -> 640.10012 | J8: =J7+(B7-A7)/2*F7+(B8-A8)/2*F8 -> 61.65 | K8: =(1-SIN(RADIANS(H8)))*(I8/J8)^SIN(RADIANS(H8))*TAN(RADIANS(H8)) -> 1.4060795 | L8: =K8*J8 -> 86.684803 | M8: =0.59*(G8*101.3/J8)^0.8*J8 -> 727.55661 | N8: =$L8*'TABELA AUXILIAR'!$I$3*(B8-A8) -> 195.56091 | O8: =$L8*'TABELA AUXILIAR'!$I$4*(B8-A8) -> 212.2044 | P8: =$L8*'TABELA AUXILIAR'!$I$5*(B8-A8) -> 244.97125 | Q8: =$M8*'TABELA AUXILIAR'!$J$3+SUM(N$2:N8) -> 1542.0018 | R8: =$M8*'TABELA AUXILIAR'!$J$4+SUM(O$2:O8) -> 1741.5025 | S8: =$M8*'TABELA AUXILIAR'!$J$5+SUM(P$2:P8) -> 2182.2427 | T8: =ROUNDDOWN(Q8/2,0) -> 771 | U8: =ROUNDDOWN(R8/2,0) -> 870 | V8: =ROUNDDOWN(S8/2,0) -> 1091
A9: 4.2 | B9: 4.8 | C9: 38 | D9: Areias | E9: SP-SM | F9: {=_xlfn.XLOOKUP(D9,'TABELA AUXILIAR'!$A$2:$A$5,IF('SPT-04'!A9<3,'TABELA AUXILIAR'!$B$2:$B$5,'TABELA AUXILIAR'!$C$2:$C$5),"",0,1)} -> 8.5 | G9: =C9 / MIN(2, SQRT(101.3/J9)) -> 30.846402 | H9: =27.5+9.2*LOG10(C9) -> 42.034009 | I9: =IF(D9="Areias",101.3*0.47*(G9)^0.8,101.3*0.15*(G9)) -> 739.72605 | J9: =J8+(B8-A8)/2*F8+(B9-A9)/2*F9 -> 66.75 | K9: =(1-SIN(RADIANS(H9)))*(I9/J9)^SIN(RADIANS(H9))*TAN(RADIANS(H9)) -> 1.4910109 | L9: =K9*J9 -> 99.524979 | M9: =0.59*(G9*101.3/J9)^0.8*J9 -> 854.2666 | N9: =$L9*'TABELA AUXILIAR'!$I$3*(B9-A9) -> 224.52835 | O9: =$L9*'TABELA AUXILIAR'!$I$4*(B9-A9) -> 243.63715 | P9: =$L9*'TABELA AUXILIAR'!$I$5*(B9-A9) -> 281.25759 | Q9: =$M9*'TABELA AUXILIAR'!$J$3+SUM(N$2:N9) -> 1909.7125 | R9: =$M9*'TABELA AUXILIAR'!$J$4+SUM(O$2:O9) -> 2152.3968 | S9: =$M9*'TABELA AUXILIAR'!$J$5+SUM(P$2:P9) -> 2686.5099 | T9: =ROUNDDOWN(Q9/2,0) -> 954 | U9: =ROUNDDOWN(R9/2,0) -> 1076 | V9: =ROUNDDOWN(S9/2,0) -> 1343
A10: 4.8 | B10: 5.4 | C10: 37 | D10: Areias | E10: SP-SM | F10: {=_xlfn.XLOOKUP(D10,'TABELA AUXILIAR'!$A$2:$A$5,IF('SPT-04'!A10<3,'TABELA AUXILIAR'!$B$2:$B$5,'TABELA AUXILIAR'!$C$2:$C$5),"",0,1)} -> 8.5 | G10: =C10 / MIN(2, SQRT(101.3/J10)) -> 31.160928 | H10: =27.5+9.2*LOG10(C10) -> 41.927456 | I10: =IF(D10="Areias",101.3*0.47*(G10)^0.8,101.3*0.15*(G10)) -> 745.75404 | J10: =J9+(B9-A9)/2*F9+(B10-A10)/2*F10 -> 71.85 | K10: =(1-SIN(RADIANS(H10)))*(I10/J10)^SIN(RADIANS(H10))*TAN(RADIANS(H10)) -> 1.4230333 | L10: =K10*J10 -> 102.24494 | M10: =0.59*(G10*101.3/J10)^0.8*J10 -> 874.00362 | N10: =$L10*'TABELA AUXILIAR'!$I$3*(B10-A10) -> 230.66459 | O10: =$L10*'TABELA AUXILIAR'!$I$4*(B10-A10) -> 250.29562 | P10: =$L10*'TABELA AUXILIAR'!$I$5*(B10-A10) -> 288.9442 | Q10: =$M10*'TABELA AUXILIAR'!$J$3+SUM(N$2:N10) -> 2162.6799 | R10: =$M10*'TABELA AUXILIAR'!$J$4+SUM(O$2:O10) -> 2428.7453 | S10: =$M10*'TABELA AUXILIAR'!$J$5+SUM(P$2:P10) -> 3010.1913 | T10: =ROUNDDOWN(Q10/2,0) -> 1081 | U10: =ROUNDDOWN(R10/2,0) -> 1214 | V10: =ROUNDDOWN(S10/2,0) -> 1505
A11: 5.4 | B11: 6 | C11: 41 | D11: Areias | E11: SP-SM | F11: {=_xlfn.XLOOKUP(D11,'TABELA AUXILIAR'!$A$2:$A$5,IF('SPT-04'!A11<3,'TABELA AUXILIAR'!$B$2:$B$5,'TABELA AUXILIAR'!$C$2:$C$5),"",0,1)} -> 8.5 | G11: =C11 / MIN(2, SQRT(101.3/J11)) -> 35.734149 | H11: =27.5+9.2*LOG10(C11) -> 42.337611 | I11: =IF(D11="Areias",101.3*0.47*(G11)^0.8,101.3*0.15*(G11)) -> 832.0972 | J11: =J10+(B10-A10)/2*F10+(B11-A11)/2*F11 -> 76.95 | K11: =(1-SIN(RADIANS(H11)))*(I11/J11)^SIN(RADIANS(H11))*TAN(RADIANS(H11)) -> 1.4785642 | L11: =K11*J11 -> 113.77552 | M11: =0.59*(G11*101.3/J11)^0.8*J11 -> 988.66247 | N11: =$L11*'TABELA AUXILIAR'!$I$3*(B11-A11) -> 256.67757 | O11: =$L11*'TABELA AUXILIAR'!$I$4*(B11-A11) -> 278.52247 | P11: =$L11*'TABELA AUXILIAR'!$I$5*(B11-A11) -> 321.52961 | Q11: =$M11*'TABELA AUXILIAR'!$J$3+SUM(N$2:N11) -> 2548.9219 | R11: =$M11*'TABELA AUXILIAR'!$J$4+SUM(O$2:O11) -> 2858.6175 | S11: =$M11*'TABELA AUXILIAR'!$J$5+SUM(P$2:P11) -> 3533.5204 | T11: =ROUNDDOWN(Q11/2,0) -> 1274 | U11: =ROUNDDOWN(R11/2,0) -> 1429 | V11: =ROUNDDOWN(S11/2,0) -> 1766
A12: 6 | B12: 6.6 | C12: 50 | D12: Gravas | E12: GP | F12: {=_xlfn.XLOOKUP(D12,'TABELA AUXILIAR'!$A$2:$A$5,IF('SPT-04'!A12<3,'TABELA AUXILIAR'!$B$2:$B$5,'TABELA AUXILIAR'!$C$2:$C$5),"",0,1)} -> 10.5 | G12: =C12 / MIN(2, SQRT(101.3/J12)) -> 45.163408 | H12: =27.5+9.2*LOG10(C12) -> 43.130524 | I12: =IF(D12="Areias",101.3*0.47*(G12)^0.8,101.3*0.15*(G12)) -> 686.25799 | J12: =J11+(B11-A11)/2*F11+(B12-A12)/2*F12 -> 82.65 | K12: =(1-SIN(RADIANS(H12)))*(I12/J12)^SIN(RADIANS(H12))*TAN(RADIANS(H12)) -> 1.2596292 | L12: =K12*J12 -> 104.10836 | M12: =0.59*(G12*101.3/J12)^0.8*J12 -> 1209.5324 | N12: =$L12*'TABELA AUXILIAR'!$I$3*(B12-A12) -> 234.86845 | O12: =$L12*'TABELA AUXILIAR'!$I$4*(B12-A12) -> 254.85726 | P12: =$L12*'TABELA AUXILIAR'!$I$5*(B12-A12) -> 294.21022 | Q12: =$M12*'TABELA AUXILIAR'!$J$3+SUM(N$2:N12) -> 3033.3734 | R12: =$M12*'TABELA AUXILIAR'!$J$4+SUM(O$2:O12) -> 3405.023 | S12: =$M12*'TABELA AUXILIAR'!$J$5+SUM(P$2:P12) -> 4216.4617 | T12: =ROUNDDOWN(Q12/2,0) -> 1516 | U12: =ROUNDDOWN(R12/2,0) -> 1702 | V12: =ROUNDDOWN(S12/2,0) -> 2108
A13: 6.6 | B13: 7.2 | C13: 39 | D13: Gravas | E13: GP | F13: {=_xlfn.XLOOKUP(D13,'TABELA AUXILIAR'!$A$2:$A$5,IF('SPT-04'!A13<3,'TABELA AUXILIAR'!$B$2:$B$5,'TABELA AUXILIAR'!$C$2:$C$5),"",0,1)} -> 10.5 | G13: =C13 / MIN(2, SQRT(101.3/J13)) -> 36.545412 | H13: =27.5+9.2*LOG10(C13) -> 42.137794 | I13: =IF(D13="Areias",101.3*0.47*(G13)^0.8,101.3*0.15*(G13)) -> 555.30753 | J13: =J12+(B12-A12)/2*F12+(B13-A13)/2*F13 -> 88.95 | K13: =(1-SIN(RADIANS(H13)))*(I13/J13)^SIN(RADIANS(H13))*TAN(RADIANS(H13)) -> 1.0173782 | L13: =K13*J13 -> 90.495793 | M13: =0.59*(G13*101.3/J13)^0.8*J13 -> 1036.1796 | N13: =$L13*'TABELA AUXILIAR'!$I$3*(B13-A13) -> 204.15851 | O13: =$L13*'TABELA AUXILIAR'!$I$4*(B13-A13) -> 221.5337 | P13: =$L13*'TABELA AUXILIAR'!$I$5*(B13-A13) -> 255.74111 | Q13: =$M13*'TABELA AUXILIAR'!$J$3+SUM(N$2:N13) -> 3041.6433 | R13: =$M13*'TABELA AUXILIAR'!$J$4+SUM(O$2:O13) -> 3397.7311 | S13: =$M13*'TABELA AUXILIAR'!$J$5+SUM(P$2:P13) -> 4167.102 | T13: =ROUNDDOWN(Q13/2,0) -> 1520 | U13: =ROUNDDOWN(R13/2,0) -> 1698 | V13: =ROUNDDOWN(S13/2,0) -> 2083
A14: 7.2 | B14: 7.8 | C14: 47 | D14: Gravas | E14: GP | F14: {=_xlfn.XLOOKUP(D14,'TABELA AUXILIAR'!$A$2:$A$5,IF('SPT-04'!A14<3,'TABELA AUXILIAR'!$B$2:$B$5,'TABELA AUXILIAR'!$C$2:$C$5),"",0,1)} -> 10.5 | G14: =C14 / MIN(2, SQRT(101.3/J14)) -> 45.57489 | H14: =27.5+9.2*LOG10(C14) -> 42.8833 | I14: =IF(D14="Areias",101.3*0.47*(G14)^0.8,101.3*0.15*(G14)) -> 692.51045 | J14: =J13+(B13-A13)/2*F13+(B14-A14)/2*F14 -> 95.25 | K14: =(1-SIN(RADIANS(H14)))*(I14/J14)^SIN(RADIANS(H14))*TAN(RADIANS(H14)) -> 1.1445687 | L14: =K14*J14 -> 109.02017 | M14: =0.59*(G14*101.3/J14)^0.8*J14 -> 1253.4097 | N14: =$L14*'TABELA AUXILIAR'!$I$3*(B14-A14) -> 245.9495 | O14: =$L14*'TABELA AUXILIAR'!$I$4*(B14-A14) -> 266.88137 | P14: =$L14*'TABELA AUXILIAR'!$I$5*(B14-A14) -> 308.091 | Q14: =$M14*'TABELA AUXILIAR'!$J$3+SUM(N$2:N14) -> 3533.0628 | R14: =$M14*'TABELA AUXILIAR'!$J$4+SUM(O$2:O14) -> 3951.3562 | S14: =$M14*'TABELA AUXILIAR'!$J$5+SUM(P$2:P14) -> 4857.518 | T14: =ROUNDDOWN(Q14/2,0) -> 1766 | U14: =ROUNDDOWN(R14/2,0) -> 1975 | V14: =ROUNDDOWN(S14/2,0) -> 2428
... A75: 43.8 | B75: 44.4 | C75: 50 | D75: Gravas | E75: GW-GM | F75: {=_xlfn.XLOOKUP(D75,'TABELA AUXILIAR'!$A$2:$A$5,IF('SPT-04'!A75<3,'TABELA AUXILIAR'!$B$2:$B$5,'TABELA AUXILIAR'!$C$2:$C$5),"",0,1)} -> 10.5 | G75: =C75 / MIN(2, SQRT(101.3/J75)) -> 104.34182 | H75: =27.5+9.2*LOG10(C75) -> 43.130524 | I75: =IF(D75="Areias",101.3*0.47*(G75)^0.8,101.3*0.15*(G75)) -> 1585.474 | J75: =J74+(B74-A74)/2*F74+(B75-A75)/2*F75 -> 441.15 | K75: =(1-SIN(RADIANS(H75)))*(I75/J75)^SIN(RADIANS(H75))*TAN(RADIANS(H75)) -> 0.71058161 | L75: =K75*J75 -> 313.47308 | M75: =0.59*(G75*101.3/J75)^0.8*J75 -> 3303.8747 | N75: =$L75*'TABELA AUXILIAR'!$I$3*(B75-A75) -> 707.19526 | O75: =$L75*'TABELA AUXILIAR'!$I$4*(B75-A75) -> 767.38209 | P75: =$L75*'TABELA AUXILIAR'!$I$5*(B75-A75) -> 885.87491 | Q75: =$M75*'TABELA AUXILIAR'!$J$3+SUM(N$2:N75) -> 38386.974 | R75: =$M75*'TABELA AUXILIAR'!$J$4+SUM(O$2:O75) -> 41963.952 | S75: =$M75*'TABELA AUXILIAR'!$J$5+SUM(P$2:P75) -> 49223.977 | T75: =ROUNDDOWN(Q75/2,0) -> 19193 | U75: =ROUNDDOWN(R75/2,0) -> 20981 | V75: =ROUNDDOWN(S75/2,0) -> 24611
A76: 44.4 | B76: 45 | C76: 50 | D76: Gravas | E76: GW-GM | F76: {=_xlfn.XLOOKUP(D76,'TABELA AUXILIAR'!$A$2:$A$5,IF('SPT-04'!A76<3,'TABELA AUXILIAR'!$B$2:$B$5,'TABELA AUXILIAR'!$C$2:$C$5),"",0,1)} -> 10.5 | G76: =C76 / MIN(2, SQRT(101.3/J76)) -> 105.08423 | H76: =27.5+9.2*LOG10(C76) -> 43.130524 | I76: =IF(D76="Areias",101.3*0.47*(G76)^0.8,101.3*0.15*(G76)) -> 1596.7548 | J76: =J75+(B75-A75)/2*F75+(B76-A76)/2*F76 -> 447.45 | K76: =(1-SIN(RADIANS(H76)))*(I76/J76)^SIN(RADIANS(H76))*TAN(RADIANS(H76)) -> 0.70714567 | L76: =K76*J76 -> 316.41233 | M76: =0.59*(G76*101.3/J76)^0.8*J76 -> 3332.1036 | N76: =$L76*'TABELA AUXILIAR'!$I$3*(B76-A76) -> 713.82621 | O76: =$L76*'TABELA AUXILIAR'!$I$4*(B76-A76) -> 774.57738 | P76: =$L76*'TABELA AUXILIAR'!$I$5*(B76-A76) -> 894.18124 | Q76: =$M76*'TABELA AUXILIAR'!$J$3+SUM(N$2:N76) -> 39132.699 | R76: =$M76*'TABELA AUXILIAR'!$J$4+SUM(O$2:O76) -> 42775.792 | S76: =$M76*'TABELA AUXILIAR'!$J$5+SUM(P$2:P76) -> 50167.842
A77: 45 | B77: 45.6 | C77: 50 | D77: Gravas | E77: GW-GM | F77: {=_xlfn.XLOOKUP(D77,'TABELA AUXILIAR'!$A$2:$A$5,IF('SPT-04'!A77<3,'TABELA AUXILIAR'!$B$2:$B$5,'TABELA AUXILIAR'!$C$2:$C$5),"",0,1)} -> 10.5 | G77: =C77 / MIN(2, SQRT(101.3/J77)) -> 105.82142 | H77: =27.5+9.2*LOG10(C77) -> 43.130524 | I77: =IF(D77="Areias",101.3*0.47*(G77)^0.8,101.3*0.15*(G77)) -> 1607.9565 | J77: =J76+(B76-A76)/2*F76+(B77-A77)/2*F77 -> 453.75 | K77: =(1-SIN(RADIANS(H77)))*(I77/J77)^SIN(RADIANS(H77))*TAN(RADIANS(H77)) -> 0.70377404 | L77: =K77*J77 -> 319.33747 | M77: =0.59*(G77*101.3/J77)^0.8*J77 -> 3360.1741 | N77: =$L77*'TABELA AUXILIAR'!$I$3*(B77-A77) -> 720.42533 | O77: =$L77*'TABELA AUXILIAR'!$I$4*(B77-A77) -> 781.73813 | P77: =$L77*'TABELA AUXILIAR'!$I$5*(B77-A77) -> 902.44769 | Q77: =$M77*'TABELA AUXILIAR'!$J$3+SUM(N$2:N77) -> 39884.844 | R77: =$M77*'TABELA AUXILIAR'!$J$4+SUM(O$2:O77) -> 43594.583 | S77: =$M77*'TABELA AUXILIAR'!$J$5+SUM(P$2:P77) -> 51119.693

Sheet SPT-05
A1: Prof_Inicial_m | B1: Prof_Final_m | C1: N1_60 | D1: Grupo_Solo | E1: Classe_SUCS | F1: Peso | G1: N60 | H1: 𝜑′𝑓 | I1: σ' p (kPa) | J1: σ' v (kPa) | K1: β | L1: qs (kPa) | M1: qp (kPa) | N1: Rs-1,2m (kN) | O1: Rs-1,3m (kN) | P1: Rs-1,5m (kN) | Q1: Rn-1,2m (kN) | R1: Rn-1,3m (kN) | S1: Rn-1,5m (kN) | T1: Radm-1,2m (kN) | U1: Radm-1,3m (kN) | V1: Radm-1,5m (kN)
A2: 0 | B2: 0.6 | C2: 50 | D2: Areias | E2: SM | F2: {=_xlfn.XLOOKUP(D2,'TABELA AUXILIAR'!$A$2:$A$5,IF('SPT-05'!A2<3,'TABELA AUXILIAR'!$B$2:$B$5,'TABELA AUXILIAR'!$C$2:$C$5),"",0,1)} -> 18.5 | G2: =C2 / MIN(2, SQRT(101.3/J2)) -> 25 | H2: =27.5+9.2*LOG10(C2) -> 43.130524 | I2: =IF(D2="Areias",101.3*0.47*(G2)^0.8,101.3*0.15*(G2)) -> 625.25808 | J2: =(B2-A2)/2*F2 -> 5.55 | K2: =(1-SIN(RADIANS(H2)))*(I2/J2)^SIN(RADIANS(H2))*TAN(RADIANS(H2)) -> 7.49041 | L2: =K2*J2 -> 41.571775 | M2: =0.59*(G2*101.3/J2)^0.8*J2 -> 439.08659 | N2: =$L2*'TABELA AUXILIAR'!$I$3*(B2-A2) -> 93.785925 | O2: =$L2*'TABELA AUXILIAR'!$I$4*(B2-A2) -> 101.76771 | P2: =$L2*'TABELA AUXILIAR'!$I$5*(B2-A2) -> 117.48184 | Q2: =$M2*'TABELA AUXILIAR'!$J$3+SUM(N$2:N2) -> 589.95377 | R2: =$M2*'TABELA AUXILIAR'!$J$4+SUM(O$2:O2) -> 681.362 | S2: =$M2*'TABELA AUXILIAR'!$J$5+SUM(P$2:P2) -> 890.27423 | T2: =ROUNDDOWN(Q2/2,0) -> 294 | U2: =ROUNDDOWN(R2/2,0) -> 340 | V2: =ROUNDDOWN(S2/2,0) -> 445
A3: 0.6 | B3: 1.2 | C3: 50 | D3: Areias | E3: SM | F3: {=_xlfn.XLOOKUP(D3,'TABELA AUXILIAR'!$A$2:$A$5,IF('SPT-05'!A3<3,'TABELA AUXILIAR'!$B$2:$B$5,'TABELA AUXILIAR'!$C$2:$C$5),"",0,1)} -> 18.5 | G3: =C3 / MIN(2, SQRT(101.3/J3)) -> 25 | H3: =27.5+9.2*LOG10(C3) -> 43.130524 | I3: =IF(D3="Areias",101.3*0.47*(G3)^0.8,101.3*0.15*(G3)) -> 625.25808 | J3: =J2+(B2-A2)/2*F2+(B3-A3)/2*F3 -> 16.65 | K3: =(1-SIN(RADIANS(H3)))*(I3/J3)^SIN(RADIANS(H3))*TAN(RADIANS(H3)) -> 3.5343992 | L3: =K3*J3 -> 58.847746 | M3: =0.59*(G3*101.3/J3)^0.8*J3 -> 546.98375 | N3: =$L3*'TABELA AUXILIAR'!$I$3*(B3-A3) -> 132.76052 | O3: =$L3*'TABELA AUXILIAR'!$I$4*(B3-A3) -> 144.05928 | P3: =$L3*'TABELA AUXILIAR'!$I$5*(B3-A3) -> 166.30373 | Q3: =$M3*'TABELA AUXILIAR'!$J$3+SUM(N$2:N3) -> 844.63808 | R3: =$M3*'TABELA AUXILIAR'!$J$4+SUM(O$2:O3) -> 967.84554 | S3: =$M3*'TABELA AUXILIAR'!$J$5+SUM(P$2:P3) -> 1246.477 | T3: =ROUNDDOWN(Q3/2,0) -> 422 | U3: =ROUNDDOWN(R3/2,0) -> 483 | V3: =ROUNDDOWN(S3/2,0) -> 623
A4: 1.2 | B4: 1.8 | C4: 50 | D4: Areias | E4: SM | F4: {=_xlfn.XLOOKUP(D4,'TABELA AUXILIAR'!$A$2:$A$5,IF('SPT-05'!A4<3,'TABELA AUXILIAR'!$B$2:$B$5,'TABELA AUXILIAR'!$C$2:$C$5),"",0,1)} -> 18.5 | G4: =C4 / MIN(2, SQRT(101.3/J4)) -> 26.169581 | H4: =27.5+9.2*LOG10(C4) -> 43.130524 | I4: =IF(D4="Areias",101.3*0.47*(G4)^0.8,101.3*0.15*(G4)) -> 648.55188 | J4: =J3+(B3-A3)/2*F3+(B4-A4)/2*F4 -> 27.75 | K4: =(1-SIN(RADIANS(H4)))*(I4/J4)^SIN(RADIANS(H4))*TAN(RADIANS(H4)) -> 2.5556781 | L4: =K4*J4 -> 70.920068 | M4: =0.59*(G4*101.3/J4)^0.8*J4 -> 628.39046 | N4: =$L4*'TABELA AUXILIAR'!$I$3*(B4-A4) -> 159.99567 | O4: =$L4*'TABELA AUXILIAR'!$I$4*(B4-A4) -> 173.61233 | P4: =$L4*'TABELA AUXILIAR'!$I$5*(B4-A4) -> 200.42011 | Q4: =$M4*'TABELA AUXILIAR'!$J$3+SUM(N$2:N4) -> 1096.6233 | R4: =$M4*'TABELA AUXILIAR'!$J$4+SUM(O$2:O4) -> 1248.9147 | S4: =$M4*'TABELA AUXILIAR'!$J$5+SUM(P$2:P4) -> 1590.1729 | T4: =ROUNDDOWN(Q4/2,0) -> 548 | U4: =ROUNDDOWN(R4/2,0) -> 624 | V4: =ROUNDDOWN(S4/2,0) -> 795
A5: 1.8 | B5: 2.4 | C5: 50 | D5: Areias | E5: SM | F5: {=_xlfn.XLOOKUP(D5,'TABELA AUXILIAR'!$A$2:$A$5,IF('SPT-05'!A5<3,'TABELA AUXILIAR'!$B$2:$B$5,'TABELA AUXILIAR'!$C$2:$C$5),"",0,1)} -> 18.5 | G5: =C5 / MIN(2, SQRT(101.3/J5)) -> 30.964266 | H5: =27.5+9.2*LOG10(C5) -> 43.130524 | I5: =IF(D5="Areias",101.3*0.47*(G5)^0.8,101.3*0.15*(G5)) -> 741.98639 | J5: =J4+(B4-A4)/2*F4+(B5-A5)/2*F5 -> 38.85 | K5: =(1-SIN(RADIANS(H5)))*(I5/J5)^SIN(RADIANS(H5))*TAN(RADIANS(H5)) -> 2.2262031 | L5: =K5*J5 -> 86.487991 | M5: =0.59*(G5*101.3/J5)^0.8*J5 -> 768.96471 | N5: =$L5*'TABELA AUXILIAR'!$I$3*(B5-A5) -> 195.11691 | O5: =$L5*'TABELA AUXILIAR'!$I$4*(B5-A5) -> 211.7226 | P5: =$L5*'TABELA AUXILIAR'!$I$5*(B5-A5) -> 244.41506 | Q5: =$M5*'TABELA AUXILIAR'!$J$3+SUM(N$2:N5) -> 1450.5891 | R5: =$M5*'TABELA AUXILIAR'!$J$4+SUM(O$2:O5) -> 1646.1953 | S5: =$M5*'TABELA AUXILIAR'!$J$5+SUM(P$2:P5) -> 2081.9986 | T5: =ROUNDDOWN(Q5/2,0) -> 725 | U5: =ROUNDDOWN(R5/2,0) -> 823 | V5: =ROUNDDOWN(S5/2,0) -> 1040
A6: 2.4 | B6: 3 | C6: 50 | D6: Areias | E6: SM | F6: {=_xlfn.XLOOKUP(D6,'TABELA AUXILIAR'!$A$2:$A$5,IF('SPT-05'!A6<3,'TABELA AUXILIAR'!$B$2:$B$5,'TABELA AUXILIAR'!$C$2:$C$5),"",0,1)} -> 18.5 | G6: =C6 / MIN(2, SQRT(101.3/J6)) -> 35.110178 | H6: =27.5+9.2*LOG10(C6) -> 43.130524 | I6: =IF(D6="Areias",101.3*0.47*(G6)^0.8,101.3*0.15*(G6)) -> 820.45303 | J6: =J5+(B5-A5)/2*F5+(B6-A6)/2*F6 -> 49.95 | K6: =(1-SIN(RADIANS(H6)))*(I6/J6)^SIN(RADIANS(H6))*TAN(RADIANS(H6)) -> 2.00814 | L6: =K6*J6 -> 100.30659 | M6: =0.59*(G6*101.3/J6)^0.8*J6 -> 894.1144 | N6: =$L6*'TABELA AUXILIAR'!$I$3*(B6-A6) -> 226.29167 | O6: =$L6*'TABELA AUXILIAR'!$I$4*(B6-A6) -> 245.55054 | P6: =$L6*'TABELA AUXILIAR'!$I$5*(B6-A6) -> 283.46643 | Q6: =$M6*'TABELA AUXILIAR'!$J$3+SUM(N$2:N6) -> 1818.3 | R6: =$M6*'TABELA AUXILIAR'!$J$4+SUM(O$2:O6) -> 2056.9435 | S6: =$M6*'TABELA AUXILIAR'!$J$5+SUM(P$2:P6) -> 2585.7285 | T6: =ROUNDDOWN(Q6/2,0) -> 909 | U6: =ROUNDDOWN(R6/2,0) -> 1028 | V6: =ROUNDDOWN(S6/2,0) -> 1292
A7: 3 | B7: 3.6 | C7: 50 | D7: Areias | E7: SM | F7: {=_xlfn.XLOOKUP(D7,'TABELA AUXILIAR'!$A$2:$A$5,IF('SPT-05'!A7<3,'TABELA AUXILIAR'!$B$2:$B$5,'TABELA AUXILIAR'!$C$2:$C$5),"",0,1)} -> 8.5 | G7: =C7 / MIN(2, SQRT(101.3/J7)) -> 37.850044 | H7: =27.5+9.2*LOG10(C7) -> 43.130524 | I7: =IF(D7="Areias",101.3*0.47*(G7)^0.8,101.3*0.15*(G7)) -> 871.28536 | J7: =J6+(B6-A6)/2*F6+(B7-A7)/2*F7 -> 58.05 | K7: =(1-SIN(RADIANS(H7)))*(I7/J7)^SIN(RADIANS(H7))*TAN(RADIANS(H7)) -> 1.8880858 | L7: =K7*J7 -> 109.60338 | M7: =0.59*(G7*101.3/J7)^0.8*J7 -> 978.48265 | N7: =$L7*'TABELA AUXILIAR'!$I$3*(B7-A7) -> 247.26523 | O7: =$L7*'TABELA AUXILIAR'!$I$4*(B7-A7) -> 268.30908 | P7: =$L7*'TABELA AUXILIAR'!$I$5*(B7-A7) -> 309.73916 | Q7: =$M7*'TABELA AUXILIAR'!$J$3+SUM(N$2:N7) -> 2160.9013 | R7: =$M7*'TABELA AUXILIAR'!$J$4+SUM(O$2:O7) -> 2436.6186 | S7: =$M7*'TABELA AUXILIAR'!$J$5+SUM(P$2:P7) -> 3043.9558 | T7: =ROUNDDOWN(Q7/2,0) -> 1080 | U7: =ROUNDDOWN(R7/2,0) -> 1218 | V7: =ROUNDDOWN(S7/2,0) -> 1521
A8: 3.6 | B8: 4.2 | C8: 47 | D8: Finos | E8: CL | F8: {=_xlfn.XLOOKUP(D8,'TABELA AUXILIAR'!$A$2:$A$5,IF('SPT-05'!A8<3,'TABELA AUXILIAR'!$B$2:$B$5,'TABELA AUXILIAR'!$C$2:$C$5),"",0,1)} -> 11 | G8: =C8 / MIN(2, SQRT(101.3/J8)) -> 37.32876 | H8: =27.5+9.2*LOG10(C8) -> 42.8833 | I8: =IF(D8="Areias",101.3*0.47*(G8)^0.8,101.3*0.15*(G8)) -> 567.21051 | J8: =J7+(B7-A7)/2*F7+(B8-A8)/2*F8 -> 63.9 | K8: =(1-SIN(RADIANS(H8)))*(I8/J8)^SIN(RADIANS(H8))*TAN(RADIANS(H8)) -> 1.3110814 | L8: =K8*J8 -> 83.778099 | M8: =0.59*(G8*101.3/J8)^0.8*J8 -> 986.4489 | N8: =$L8*'TABELA AUXILIAR'!$I$3*(B8-A8) -> 189.00339 | O8: =$L8*'TABELA AUXILIAR'!$I$4*(B8-A8) -> 205.08879 | P8: =$L8*'TABELA AUXILIAR'!$I$5*(B8-A8) -> 236.75691 | Q8: =$M8*'TABELA AUXILIAR'!$J$3+SUM(N$2:N8) -> 2358.9066 | R8: =$M8*'TABELA AUXILIAR'!$J$4+SUM(O$2:O8) -> 2652.2229 | S8: =$M8*'TABELA AUXILIAR'!$J$5+SUM(P$2:P8) -> 3294.7333 | T8: =ROUNDDOWN(Q8/2,0) -> 1179 | U8: =ROUNDDOWN(R8/2,0) -> 1326 | V8: =ROUNDDOWN(S8/2,0) -> 1647
A9: 4.2 | B9: 4.8 | C9: 18 | D9: Finos | E9: CL | F9: {=_xlfn.XLOOKUP(D9,'TABELA AUXILIAR'!$A$2:$A$5,IF('SPT-05'!A9<3,'TABELA AUXILIAR'!$B$2:$B$5,'TABELA AUXILIAR'!$C$2:$C$5),"",0,1)} -> 11 | G9: =C9 / MIN(2, SQRT(101.3/J9)) -> 15.016279 | H9: =27.5+9.2*LOG10(C9) -> 39.048507 | I9: =IF(D9="Areias",101.3*0.47*(G9)^0.8,101.3*0.15*(G9)) -> 228.17237 | J9: =J8+(B8-A8)/2*F8+(B9-A9)/2*F9 -> 70.5 | K9: =(1-SIN(RADIANS(H9)))*(I9/J9)^SIN(RADIANS(H9))*TAN(RADIANS(H9)) -> 0.62904786 | L9: =K9*J9 -> 44.347874 | M9: =0.59*(G9*101.3/J9)^0.8*J9 -> 485.54252 | N9: =$L9*'TABELA AUXILIAR'!$I$3*(B9-A9) -> 100.0488 | O9: =$L9*'TABELA AUXILIAR'!$I$4*(B9-A9) -> 108.5636 | P9: =$L9*'TABELA AUXILIAR'!$I$5*(B9-A9) -> 125.32709 | Q9: =$M9*'TABELA AUXILIAR'!$J$3+SUM(N$2:N9) -> 1892.9312 | R9: =$M9*'TABELA AUXILIAR'!$J$4+SUM(O$2:O9) -> 2099.59 | S9: =$M9*'TABELA AUXILIAR'!$J$5+SUM(P$2:P9) -> 2538.4652 | T9: =ROUNDDOWN(Q9/2,0) -> 946 | U9: =ROUNDDOWN(R9/2,0) -> 1049 | V9: =ROUNDDOWN(S9/2,0) -> 1269
A10: 4.8 | B10: 5.4 | C10: 40 | D10: Finos | E10: CL | F10: {=_xlfn.XLOOKUP(D10,'TABELA AUXILIAR'!$A$2:$A$5,IF('SPT-05'!A10<3,'TABELA AUXILIAR'!$B$2:$B$5,'TABELA AUXILIAR'!$C$2:$C$5),"",0,1)} -> 11 | G10: =C10 / MIN(2, SQRT(101.3/J10)) -> 34.896547 | H10: =27.5+9.2*LOG10(C10) -> 42.238952 | I10: =IF(D10="Areias",101.3*0.47*(G10)^0.8,101.3*0.15*(G10)) -> 530.25303 | J10: =J9+(B9-A9)/2*F9+(B10-A10)/2*F10 -> 77.1 | K10: =(1-SIN(RADIANS(H10)))*(I10/J10)^SIN(RADIANS(H10))*TAN(RADIANS(H10)) -> 1.0879154 | L10: =K10*J10 -> 83.878279 | M10: =0.59*(G10*101.3/J10)^0.8*J10 -> 970.45725 | N10: =$L10*'TABELA AUXILIAR'!$I$3*(B10-A10) -> 189.2294 | O10: =$L10*'TABELA AUXILIAR'!$I$4*(B10-A10) -> 205.33403 | P10: =$L10*'TABELA AUXILIAR'!$I$5*(B10-A10) -> 237.04002 | Q10: =$M10*'TABELA AUXILIAR'!$J$3+SUM(N$2:N10) -> 2630.1142 | R10: =$M10*'TABELA AUXILIAR'!$J$4+SUM(O$2:O10) -> 2945.0115 | S10: =$M10*'TABELA AUXILIAR'!$J$5+SUM(P$2:P10) -> 3628.9551 | T10: =ROUNDDOWN(Q10/2,0) -> 1315 | U10: =ROUNDDOWN(R10/2,0) -> 1472 | V10: =ROUNDDOWN(S10/2,0) -> 1814
A11: 5.4 | B11: 6 | C11: 31 | D11: Finos | E11: CL | F11: {=_xlfn.XLOOKUP(D11,'TABELA AUXILIAR'!$A$2:$A$5,IF('SPT-05'!A11<3,'TABELA AUXILIAR'!$B$2:$B$5,'TABELA AUXILIAR'!$C$2:$C$5),"",0,1)} -> 11 | G11: =C11 / MIN(2, SQRT(101.3/J11)) -> 28.178619 | H11: =27.5+9.2*LOG10(C11) -> 41.220528 | I11: =IF(D11="Areias",101.3*0.47*(G11)^0.8,101.3*0.15*(G11)) -> 428.17411 | J11: =J10+(B10-A10)/2*F10+(B11-A11)/2*F11 -> 83.7 | K11: =(1-SIN(RADIANS(H11)))*(I11/J11)^SIN(RADIANS(H11))*TAN(RADIANS(H11)) -> 0.87594444 | L11: =K11*J11 -> 73.31655 | M11: =0.59*(G11*101.3/J11)^0.8*J11 -> 831.41991 | N11: =$L11*'TABELA AUXILIAR'!$I$3*(B11-A11) -> 165.40214 | O11: =$L11*'TABELA AUXILIAR'!$I$4*(B11-A11) -> 179.47891 | P11: =$L11*'TABELA AUXILIAR'!$I$5*(B11-A11) -> 207.19257 | Q11: =$M11*'TABELA AUXILIAR'!$J$3+SUM(N$2:N11) -> 2638.4041 | R11: =$M11*'TABELA AUXILIAR'!$J$4+SUM(O$2:O11) -> 2940.9611 | S11: =$M11*'TABELA AUXILIAR'!$J$5+SUM(P$2:P11) -> 3591.442 | T11: =ROUNDDOWN(Q11/2,0) -> 1319 | U11: =ROUNDDOWN(R11/2,0) -> 1470 | V11: =ROUNDDOWN(S11/2,0) -> 1795
A12: 6 | B12: 6.6 | C12: 30 | D12: Finos | E12: CL | F12: {=_xlfn.XLOOKUP(D12,'TABELA AUXILIAR'!$A$2:$A$5,IF('SPT-05'!A12<3,'TABELA AUXILIAR'!$B$2:$B$5,'TABELA AUXILIAR'!$C$2:$C$5),"",0,1)} -> 11 | G12: =C12 / MIN(2, SQRT(101.3/J12)) -> 28.32438 | H12: =27.5+9.2*LOG10(C12) -> 41.089516 | I12: =IF(D12="Areias",101.3*0.47*(G12)^0.8,101.3*0.15*(G12)) -> 430.38895 | J12: =J11+(B11-A11)/2*F11+(B12-A12)/2*F12 -> 90.3 | K12: =(1-SIN(RADIANS(H12)))*(I12/J12)^SIN(RADIANS(H12))*TAN(RADIANS(H12)) -> 0.83415639 | L12: =K12*J12 -> 75.324322 | M12: =0.59*(G12*101.3/J12)^0.8*J12 -> 847.62829 | N12: =$L12*'TABELA AUXILIAR'!$I$3*(B12-A12) -> 169.93167 | O12: =$L12*'TABELA AUXILIAR'!$I$4*(B12-A12) -> 184.39394 | P12: =$L12*'TABELA AUXILIAR'!$I$5*(B12-A12) -> 212.86654 | Q12: =$M12*'TABELA AUXILIAR'!$J$3+SUM(N$2:N12) -> 2826.6513 | R12: =$M12*'TABELA AUXILIAR'!$J$4+SUM(O$2:O12) -> 3146.7501 | S12: =$M12*'TABELA AUXILIAR'!$J$5+SUM(P$2:P12) -> 3832.8352 | T12: =ROUNDDOWN(Q12/2,0) -> 1413 | U12: =ROUNDDOWN(R12/2,0) -> 1573 | V12: =ROUNDDOWN(S12/2,0) -> 1916
A13: 6.6 | B13: 7.2 | C13: 35 | D13: Areias | E13: SM | F13: {=_xlfn.XLOOKUP(D13,'TABELA AUXILIAR'!$A$2:$A$5,IF('SPT-05'!A13<3,'TABELA AUXILIAR'!$B$2:$B$5,'TABELA AUXILIAR'!$C$2:$C$5),"",0,1)} -> 8.5 | G13: =C13 / MIN(2, SQRT(101.3/J13)) -> 34.098711 | H13: =27.5+9.2*LOG10(C13) -> 41.705426 | I13: =IF(D13="Areias",101.3*0.47*(G13)^0.8,101.3*0.15*(G13)) -> 801.4892 | J13: =J12+(B12-A12)/2*F12+(B13-A13)/2*F13 -> 96.15 | K13: =(1-SIN(RADIANS(H13)))*(I13/J13)^SIN(RADIANS(H13))*TAN(RADIANS(H13)) -> 1.2226635 | L13: =K13*J13 -> 117.55909 | M13: =0.59*(G13*101.3/J13)^0.8*J13 -> 995.68003 | N13: =$L13*'TABELA AUXILIAR'!$I$3*(B13-A13) -> 265.21332 | O13: =$L13*'TABELA AUXILIAR'!$I$4*(B13-A13) -> 287.78466 | P13: =$L13*'TABELA AUXILIAR'!$I$5*(B13-A13) -> 332.222 | Q13: =$M13*'TABELA AUXILIAR'!$J$3+SUM(N$2:N13) -> 3259.1631 | R13: =$M13*'TABELA AUXILIAR'!$J$4+SUM(O$2:O13) -> 3629.9631 | S13: =$M13*'TABELA AUXILIAR'!$J$5+SUM(P$2:P13) -> 4425.6283 | T13: =ROUNDDOWN(Q13/2,0) -> 1629 | U13: =ROUNDDOWN(R13/2,0) -> 1814 | V13: =ROUNDDOWN(S13/2,0) -> 2212
A14: 7.2 | B14: 7.8 | C14: 38 | D14: Areias | E14: SM | F14: {=_xlfn.XLOOKUP(D14,'TABELA AUXILIAR'!$A$2:$A$5,IF('SPT-05'!A14<3,'TABELA AUXILIAR'!$B$2:$B$5,'TABELA AUXILIAR'!$C$2:$C$5),"",0,1)} -> 8.5 | G14: =C14 / MIN(2, SQRT(101.3/J14)) -> 37.990621 | H14: =27.5+9.2*LOG10(C14) -> 42.034009 | I14: =IF(D14="Areias",101.3*0.47*(G14)^0.8,101.3*0.15*(G14)) -> 873.87319 | J14: =J13+(B13-A13)/2*F13+(B14-A14)/2*F14 -> 101.25 | K14: =(1-SIN(RADIANS(H14)))*(I14/J14)^SIN(RADIANS(H14))*TAN(RADIANS(H14)) -> 1.2612116 | L14: =K14*J14 -> 127.69767 | M14: =0.59*(G14*101.3/J14)^0.8*J14 -> 1096.8814 | N14: =$L14*'TABELA AUXILIAR'!$I$3*(B14-A14) -> 288.08595 | O14: =$L14*'TABELA AUXILIAR'!$I$4*(B14-A14) -> 312.6039 | P14: =$L14*'TABELA AUXILIAR'!$I$5*(B14-A14) -> 360.87362 | Q14: =$M14*'TABELA AUXILIAR'!$J$3+SUM(N$2:N14) -> 3661.6066 | R14: =$M14*'TABELA AUXILIAR'!$J$4+SUM(O$2:O14) -> 4076.1529 | S14: =$M14*'TABELA AUXILIAR'!$J$5+SUM(P$2:P14) -> 4964.6164 | T14: =ROUNDDOWN(Q14/2,0) -> 1830 | U14: =ROUNDDOWN(R14/2,0) -> 2038 | V14: =ROUNDDOWN(S14/2,0) -> 2482
... A75: 43.8 | B75: 44.4 | C75: 50 | D75: Areias | E75: SM | F75: {=_xlfn.XLOOKUP(D75,'TABELA AUXILIAR'!$A$2:$A$5,IF('SPT-05'!A75<3,'TABELA AUXILIAR'!$B$2:$B$5,'TABELA AUXILIAR'!$C$2:$C$5),"",0,1)} -> 8.5 | G75: =C75 / MIN(2, SQRT(101.3/J75)) -> 104.51906 | H75: =27.5+9.2*LOG10(C75) -> 43.130524 | I75: =IF(D75="Areias",101.3*0.47*(G75)^0.8,101.3*0.15*(G75)) -> 1963.6483 | J75: =J74+(B74-A74)/2*F74+(B75-A75)/2*F75 -> 442.65 | K75: =(1-SIN(RADIANS(H75)))*(I75/J75)^SIN(RADIANS(H75))*TAN(RADIANS(H75)) -> 0.82058111 | L75: =K75*J75 -> 363.23023 | M75: =0.59*(G75*101.3/J75)^0.8*J75 -> 3310.6104 | N75: =$L75*'TABELA AUXILIAR'!$I$3*(B75-A75) -> 819.44739 | O75: =$L75*'TABELA AUXILIAR'!$I$4*(B75-A75) -> 889.1876 | P75: =$L75*'TABELA AUXILIAR'!$I$5*(B75-A75) -> 1026.4886 | Q75: =$M75*'TABELA AUXILIAR'!$J$3+SUM(N$2:N75) -> 37009.016 | R75: =$M75*'TABELA AUXILIAR'!$J$4+SUM(O$2:O75) -> 40469.353 | S75: =$M75*'TABELA AUXILIAR'!$J$5+SUM(P$2:P75) -> 47500.186 | T75: =ROUNDDOWN(Q75/2,0) -> 18504 | U75: =ROUNDDOWN(R75/2,0) -> 20234 | V75: =ROUNDDOWN(S75/2,0) -> 23750
A76: 44.4 | B76: 45 | C76: 50 | D76: Areias | E76: SM | F76: {=_xlfn.XLOOKUP(D76,'TABELA AUXILIAR'!$A$2:$A$5,IF('SPT-05'!A76<3,'TABELA AUXILIAR'!$B$2:$B$5,'TABELA AUXILIAR'!$C$2:$C$5),"",0,1)} -> 8.5 | G76: =C76 / MIN(2, SQRT(101.3/J76)) -> 105.11945 | H76: =27.5+9.2*LOG10(C76) -> 43.130524 | I76: =IF(D76="Areias",101.3*0.47*(G76)^0.8,101.3*0.15*(G76)) -> 1972.6669 | J76: =J75+(B75-A75)/2*F75+(B76-A76)/2*F76 -> 447.75 | K76: =(1-SIN(RADIANS(H76)))*(I76/J76)^SIN(RADIANS(H76))*TAN(RADIANS(H76)) -> 0.81673418 | L76: =K76*J76 -> 365.69273 | M76: =0.59*(G76*101.3/J76)^0.8*J76 -> 3333.4439 | N76: =$L76*'TABELA AUXILIAR'!$I$3*(B76-A76) -> 825.00279 | O76: =$L76*'TABELA AUXILIAR'!$I$4*(B76-A76) -> 895.2158 | P76: =$L76*'TABELA AUXILIAR'!$I$5*(B76-A76) -> 1033.4476 | Q76: =$M76*'TABELA AUXILIAR'!$J$3+SUM(N$2:N76) -> 37859.82 | R76: =$M76*'TABELA AUXILIAR'!$J$4+SUM(O$2:O76) -> 41394.709 | S76: =$M76*'TABELA AUXILIAR'!$J$5+SUM(P$2:P76) -> 48573.82

Sheet SPT-06
A1: Prof_Inicial_m | B1: Prof_Final_m | C1: N1_60 | D1: Grupo_Solo | E1: Classe_SUCS | F1: Peso | G1: N60 | H1: 𝜑′𝑓 | I1: σ' p (kPa) | J1: σ' v (kPa) | K1: β | L1: qs (kPa) | M1: qp (kPa) | N1: Rs-1,2m (kN) | O1: Rs-1,3m (kN) | P1: Rs-1,5m (kN) | Q1: Rn-1,2m (kN) | R1: Rn-1,3m (kN) | S1: Rn-1,5m (kN) | T1: Radm-1,2m (kN) | U1: Radm-1,3m (kN) | V1: Radm-1,5m (kN)
A2: 0 | B2: 0.6 | C2: 39 | D2: Finos | E2: ML | F2: {=_xlfn.XLOOKUP(D2,'TABELA AUXILIAR'!$A$2:$A$5,IF('SPT-06'!A2<3,'TABELA AUXILIAR'!$B$2:$B$5,'TABELA AUXILIAR'!$C$2:$C$5),"",0,1)} -> 18 | G2: =C2 / MIN(2, SQRT(101.3/J2)) -> 19.5 | H2: =27.5+9.2*LOG10(C2) -> 42.137794 | I2: =IF(D2="Areias",101.3*0.47*(G2)^0.8,101.3*0.15*(G2)) -> 296.3025 | J2: =(B2-A2)/2*F2 -> 5.4 | K2: =(1-SIN(RADIANS(H2)))*(I2/J2)^SIN(RADIANS(H2))*TAN(RADIANS(H2)) -> 4.3731679 | L2: =K2*J2 -> 23.615107 | M2: =0.59*(G2*101.3/J2)^0.8*J2 -> 357.96949 | N2: =$L2*'TABELA AUXILIAR'!$I$3*(B2-A2) -> 53.275681 | O2: =$L2*'TABELA AUXILIAR'!$I$4*(B2-A2) -> 57.809782 | P2: =$L2*'TABELA AUXILIAR'!$I$5*(B2-A2) -> 66.736292 | Q2: =$M2*'TABELA AUXILIAR'!$J$3+SUM(N$2:N2) -> 457.7812 | R2: =$M2*'TABELA AUXILIAR'!$J$4+SUM(O$2:O2) -> 530.3295 | S2: =$M2*'TABELA AUXILIAR'!$J$5+SUM(P$2:P2) -> 696.76259 | T2: =ROUNDDOWN(Q2/2,0) -> 228 | U2: =ROUNDDOWN(R2/2,0) -> 265 | V2: =ROUNDDOWN(S2/2,0) -> 348
A3: 0.6 | B3: 1.2 | C3: 25 | D3: Finos | E3: ML | F3: {=_xlfn.XLOOKUP(D3,'TABELA AUXILIAR'!$A$2:$A$5,IF('SPT-06'!A3<3,'TABELA AUXILIAR'!$B$2:$B$5,'TABELA AUXILIAR'!$C$2:$C$5),"",0,1)} -> 18 | G3: =C3 / MIN(2, SQRT(101.3/J3)) -> 12.5 | H3: =27.5+9.2*LOG10(C3) -> 40.361048 | I3: =IF(D3="Areias",101.3*0.47*(G3)^0.8,101.3*0.15*(G3)) -> 189.9375 | J3: =J2+(B2-A2)/2*F2+(B3-A3)/2*F3 -> 16.2 | K3: =(1-SIN(RADIANS(H3)))*(I3/J3)^SIN(RADIANS(H3))*TAN(RADIANS(H3)) -> 1.4748481 | L3: =K3*J3 -> 23.892539 | M3: =0.59*(G3*101.3/J3)^0.8*J3 -> 312.44284 | N3: =$L3*'TABELA AUXILIAR'!$I$3*(B3-A3) -> 53.901568 | O3: =$L3*'TABELA AUXILIAR'!$I$4*(B3-A3) -> 58.488935 | P3: =$L3*'TABELA AUXILIAR'!$I$5*(B3-A3) -> 67.520315 | Q3: =$M3*'TABELA AUXILIAR'!$J$3+SUM(N$2:N3) -> 460.23766 | R3: =$M3*'TABELA AUXILIAR'!$J$4+SUM(O$2:O3) -> 528.72327 | S3: =$M3*'TABELA AUXILIAR'!$J$5+SUM(P$2:P3) -> 684.15601 | T3: =ROUNDDOWN(Q3/2,0) -> 230 | U3: =ROUNDDOWN(R3/2,0) -> 264 | V3: =ROUNDDOWN(S3/2,0) -> 342
A4: 1.2 | B4: 1.8 | C4: 30 | D4: Finos | E4: ML | F4: {=_xlfn.XLOOKUP(D4,'TABELA AUXILIAR'!$A$2:$A$5,IF('SPT-06'!A4<3,'TABELA AUXILIAR'!$B$2:$B$5,'TABELA AUXILIAR'!$C$2:$C$5),"",0,1)} -> 18 | G4: =C4 / MIN(2, SQRT(101.3/J4)) -> 15.48811 | H4: =27.5+9.2*LOG10(C4) -> 41.089516 | I4: =IF(D4="Areias",101.3*0.47*(G4)^0.8,101.3*0.15*(G4)) -> 235.34183 | J4: =J3+(B3-A3)/2*F3+(B4-A4)/2*F4 -> 27 | K4: =(1-SIN(RADIANS(H4)))*(I4/J4)^SIN(RADIANS(H4))*TAN(RADIANS(H4)) -> 1.2403668 | L4: =K4*J4 -> 33.489904 | M4: =0.59*(G4*101.3/J4)^0.8*J4 -> 410.78167 | N4: =$L4*'TABELA AUXILIAR'!$I$3*(B4-A4) -> 75.553223 | O4: =$L4*'TABELA AUXILIAR'!$I$4*(B4-A4) -> 81.983284 | P4: =$L4*'TABELA AUXILIAR'!$I$5*(B4-A4) -> 94.642468 | Q4: =$M4*'TABELA AUXILIAR'!$J$3+SUM(N$2:N4) -> 646.91375 | R4: =$M4*'TABELA AUXILIAR'!$J$4+SUM(O$2:O4) -> 740.5138 | S4: =$M4*'TABELA AUXILIAR'!$J$5+SUM(P$2:P4) -> 951.87481 | T4: =ROUNDDOWN(Q4/2,0) -> 323 | U4: =ROUNDDOWN(R4/2,0) -> 370 | V4: =ROUNDDOWN(S4/2,0) -> 475
A5: 1.8 | B5: 2.4 | C5: 47 | D5: Finos | E5: ML | F5: {=_xlfn.XLOOKUP(D5,'TABELA AUXILIAR'!$A$2:$A$5,IF('SPT-06'!A5<3,'TABELA AUXILIAR'!$B$2:$B$5,'TABELA AUXILIAR'!$C$2:$C$5),"",0,1)} -> 18 | G5: =C5 / MIN(2, SQRT(101.3/J5)) -> 28.710386 | H5: =27.5+9.2*LOG10(C5) -> 42.8833 | I5: =IF(D5="Areias",101.3*0.47*(G5)^0.8,101.3*0.15*(G5)) -> 436.25432 | J5: =J4+(B4-A4)/2*F4+(B5-A5)/2*F5 -> 37.8 | K5: =(1-SIN(RADIANS(H5)))*(I5/J5)^SIN(RADIANS(H5))*TAN(RADIANS(H5)) -> 1.5675109 | L5: =K5*J5 -> 59.251911 | M5: =0.59*(G5*101.3/J5)^0.8*J5 -> 719.895 | N5: =$L5*'TABELA AUXILIAR'!$I$3*(B5-A5) -> 133.67231 | O5: =$L5*'TABELA AUXILIAR'!$I$4*(B5-A5) -> 145.04868 | P5: =$L5*'TABELA AUXILIAR'!$I$5*(B5-A5) -> 167.4459 | Q5: =$M5*'TABELA AUXILIAR'!$J$3+SUM(N$2:N5) -> 1129.8841 | R5: =$M5*'TABELA AUXILIAR'!$J$4+SUM(O$2:O5) -> 1293.5921 | S5: =$M5*'TABELA AUXILIAR'!$J$5+SUM(P$2:P5) -> 1663.3602 | T5: =ROUNDDOWN(Q5/2,0) -> 564 | U5: =ROUNDDOWN(R5/2,0) -> 646 | V5: =ROUNDDOWN(S5/2,0) -> 831
A6: 2.4 | B6: 3 | C6: 12 | D6: Finos | E6: ML | F6: {=_xlfn.XLOOKUP(D6,'TABELA AUXILIAR'!$A$2:$A$5,IF('SPT-06'!A6<3,'TABELA AUXILIAR'!$B$2:$B$5,'TABELA AUXILIAR'!$C$2:$C$5),"",0,1)} -> 18 | G6: =C6 / MIN(2, SQRT(101.3/J6)) -> 8.3117918 | H6: =27.5+9.2*LOG10(C6) -> 37.428467 | I6: =IF(D6="Areias",101.3*0.47*(G6)^0.8,101.3*0.15*(G6)) -> 126.29768 | J6: =J5+(B5-A5)/2*F5+(B6-A6)/2*F6 -> 48.6 | K6: =(1-SIN(RADIANS(H6)))*(I6/J6)^SIN(RADIANS(H6))*TAN(RADIANS(H6)) -> 0.53638428 | L6: =K6*J6 -> 26.068276 | M6: =0.59*(G6*101.3/J6)^0.8*J6 -> 280.81645 | N6: =$L6*'TABELA AUXILIAR'!$I$3*(B6-A6) -> 58.810031 | O6: =$L6*'TABELA AUXILIAR'!$I$4*(B6-A6) -> 63.81514 | P6: =$L6*'TABELA AUXILIAR'!$I$5*(B6-A6) -> 73.668948 | Q6: =$M6*'TABELA AUXILIAR'!$J$3+SUM(N$2:N6) -> 692.5354 | R6: =$M6*'TABELA AUXILIAR'!$J$4+SUM(O$2:O6) -> 777.82354 | S6: =$M6*'TABELA AUXILIAR'!$J$5+SUM(P$2:P6) -> 964.25088 | T6: =ROUNDDOWN(Q6/2,0) -> 346 | U6: =ROUNDDOWN(R6/2,0) -> 388 | V6: =ROUNDDOWN(S6/2,0) -> 482
A7: 3 | B7: 3.6 | C7: 5 | D7: Finos | E7: ML | F7: {=_xlfn.XLOOKUP(D7,'TABELA AUXILIAR'!$A$2:$A$5,IF('SPT-06'!A7<3,'TABELA AUXILIAR'!$B$2:$B$5,'TABELA AUXILIAR'!$C$2:$C$5),"",0,1)} -> 11 | G7: =C7 / MIN(2, SQRT(101.3/J7)) -> 3.760474 | H7: =27.5+9.2*LOG10(C7) -> 33.930524 | I7: =IF(D7="Areias",101.3*0.47*(G7)^0.8,101.3*0.15*(G7)) -> 57.140403 | J7: =J6+(B6-A6)/2*F6+(B7-A7)/2*F7 -> 57.3 | K7: =(1-SIN(RADIANS(H7)))*(I7/J7)^SIN(RADIANS(H7))*TAN(RADIANS(H7)) -> 0.29676526 | L7: =K7*J7 -> 17.004649 | M7: =0.59*(G7*101.3/J7)^0.8*J7 -> 153.87376 | N7: =$L7*'TABELA AUXILIAR'!$I$3*(B7-A7) -> 38.362489 | O7: =$L7*'TABELA AUXILIAR'!$I$4*(B7-A7) -> 41.627382 | P7: =$L7*'TABELA AUXILIAR'!$I$5*(B7-A7) -> 48.055139 | Q7: =$M7*'TABELA AUXILIAR'!$J$3+SUM(N$2:N7) -> 587.45265 | R7: =$M7*'TABELA AUXILIAR'!$J$4+SUM(O$2:O7) -> 651.88656 | S7: =$M7*'TABELA AUXILIAR'!$J$5+SUM(P$2:P7) -> 788.88688 | T7: =ROUNDDOWN(Q7/2,0) -> 293 | U7: =ROUNDDOWN(R7/2,0) -> 325 | V7: =ROUNDDOWN(S7/2,0) -> 394
A8: 3.6 | B8: 4.2 | C8: 5 | D8: Finos | E8: ML | F8: {=_xlfn.XLOOKUP(D8,'TABELA AUXILIAR'!$A$2:$A$5,IF('SPT-06'!A8<3,'TABELA AUXILIAR'!$B$2:$B$5,'TABELA AUXILIAR'!$C$2:$C$5),"",0,1)} -> 11 | G8: =C8 / MIN(2, SQRT(101.3/J8)) -> 3.9711447 | H8: =27.5+9.2*LOG10(C8) -> 33.930524 | I8: =IF(D8="Areias",101.3*0.47*(G8)^0.8,101.3*0.15*(G8)) -> 60.341544 | J8: =J7+(B7-A7)/2*F7+(B8-A8)/2*F8 -> 63.9 | K8: =(1-SIN(RADIANS(H8)))*(I8/J8)^SIN(RADIANS(H8))*TAN(RADIANS(H8)) -> 0.28787174 | L8: =K8*J8 -> 18.395004 | M8: =0.59*(G8*101.3/J8)^0.8*J8 -> 164.27531 | N8: =$L8*'TABELA AUXILIAR'!$I$3*(B8-A8) -> 41.499129 | O8: =$L8*'TABELA AUXILIAR'!$I$4*(B8-A8) -> 45.03097 | P8: =$L8*'TABELA AUXILIAR'!$I$5*(B8-A8) -> 51.984281 | Q8: =$M8*'TABELA AUXILIAR'!$J$3+SUM(N$2:N8) -> 640.70554 | R8: =$M8*'TABELA AUXILIAR'!$J$4+SUM(O$2:O8) -> 710.64759 | S8: =$M8*'TABELA AUXILIAR'!$J$5+SUM(P$2:P8) -> 859.1779 | T8: =ROUNDDOWN(Q8/2,0) -> 320 | U8: =ROUNDDOWN(R8/2,0) -> 355 | V8: =ROUNDDOWN(S8/2,0) -> 429
A9: 4.2 | B9: 4.8 | C9: 50 | D9: Finos | E9: ML | F9: {=_xlfn.XLOOKUP(D9,'TABELA AUXILIAR'!$A$2:$A$5,IF('SPT-06'!A9<3,'TABELA AUXILIAR'!$B$2:$B$5,'TABELA AUXILIAR'!$C$2:$C$5),"",0,1)} -> 11 | G9: =C9 / MIN(2, SQRT(101.3/J9)) -> 41.711887 | H9: =27.5+9.2*LOG10(C9) -> 43.130524 | I9: =IF(D9="Areias",101.3*0.47*(G9)^0.8,101.3*0.15*(G9)) -> 633.81213 | J9: =J8+(B8-A8)/2*F8+(B9-A9)/2*F9 -> 70.5 | K9: =(1-SIN(RADIANS(H9)))*(I9/J9)^SIN(RADIANS(H9))*TAN(RADIANS(H9)) -> 1.3299872 | L9: =K9*J9 -> 93.764099 | M9: =0.59*(G9*101.3/J9)^0.8*J9 -> 1099.4748 | N9: =$L9*'TABELA AUXILIAR'!$I$3*(B9-A9) -> 211.53181 | O9: =$L9*'TABELA AUXILIAR'!$I$4*(B9-A9) -> 229.53451 | P9: =$L9*'TABELA AUXILIAR'!$I$5*(B9-A9) -> 264.97734 | Q9: =$M9*'TABELA AUXILIAR'!$J$3+SUM(N$2:N9) -> 1909.0127 | R9: =$M9*'TABELA AUXILIAR'!$J$4+SUM(O$2:O9) -> 2174.6454 | S9: =$M9*'TABELA AUXILIAR'!$J$5+SUM(P$2:P9) -> 2770.1063 | T9: =ROUNDDOWN(Q9/2,0) -> 954 | U9: =ROUNDDOWN(R9/2,0) -> 1087 | V9: =ROUNDDOWN(S9/2,0) -> 1385
A10: 4.8 | B10: 5.4 | C10: 14 | D10: Finos | E10: ML | F10: {=_xlfn.XLOOKUP(D10,'TABELA AUXILIAR'!$A$2:$A$5,IF('SPT-06'!A10<3,'TABELA AUXILIAR'!$B$2:$B$5,'TABELA AUXILIAR'!$C$2:$C$5),"",0,1)} -> 11 | G10: =C10 / MIN(2, SQRT(101.3/J10)) -> 12.213792 | H10: =27.5+9.2*LOG10(C10) -> 38.044378 | I10: =IF(D10="Areias",101.3*0.47*(G10)^0.8,101.3*0.15*(G10)) -> 185.58856 | J10: =J9+(B9-A9)/2*F9+(B10-A10)/2*F10 -> 77.1 | K10: =(1-SIN(RADIANS(H10)))*(I10/J10)^SIN(RADIANS(H10))*TAN(RADIANS(H10)) -> 0.51597972 | L10: =K10*J10 -> 39.782036 | M10: =0.59*(G10*101.3/J10)^0.8*J10 -> 419.01623 | N10: =$L10*'TABELA AUXILIAR'!$I$3*(B10-A10) -> 89.748274 | O10: =$L10*'TABELA AUXILIAR'!$I$4*(B10-A10) -> 97.386425 | P10: =$L10*'TABELA AUXILIAR'!$I$5*(B10-A10) -> 112.42403 | Q10: =$M10*'TABELA AUXILIAR'!$J$3+SUM(N$2:N10) -> 1229.8429 | R10: =$M10*'TABELA AUXILIAR'!$J$4+SUM(O$2:O10) -> 1373.8265 | S10: =$M10*'TABELA AUXILIAR'!$J$5+SUM(P$2:P10) -> 1684.9233 | T10: =ROUNDDOWN(Q10/2,0) -> 614 | U10: =ROUNDDOWN(R10/2,0) -> 686 | V10: =ROUNDDOWN(S10/2,0) -> 842
A11: 5.4 | B11: 6 | C11: 45 | D11: Areias | E11: SM | F11: {=_xlfn.XLOOKUP(D11,'TABELA AUXILIAR'!$A$2:$A$5,IF('SPT-06'!A11<3,'TABELA AUXILIAR'!$B$2:$B$5,'TABELA AUXILIAR'!$C$2:$C$5),"",0,1)} -> 8.5 | G11: =C11 / MIN(2, SQRT(101.3/J11)) -> 40.72077 | H11: =27.5+9.2*LOG10(C11) -> 42.709555 | I11: =IF(D11="Areias",101.3*0.47*(G11)^0.8,101.3*0.15*(G11)) -> 923.762 | J11: =J10+(B10-A10)/2*F10+(B11-A11)/2*F11 -> 82.95 | K11: =(1-SIN(RADIANS(H11)))*(I11/J11)^SIN(RADIANS(H11))*TAN(RADIANS(H11)) -> 1.5230112 | L11: =K11*J11 -> 126.33378 | M11: =0.59*(G11*101.3/J11)^0.8*J11 -> 1114.1807 | N11: =$L11*'TABELA AUXILIAR'!$I$3*(B11-A11) -> 285.00901 | O11: =$L11*'TABELA AUXILIAR'!$I$4*(B11-A11) -> 309.2651 | P11: =$L11*'TABELA AUXILIAR'!$I$5*(B11-A11) -> 357.01927 | Q11: =$M11*'TABELA AUXILIAR'!$J$3+SUM(N$2:N11) -> 2300.3877 | R11: =$M11*'TABELA AUXILIAR'!$J$4+SUM(O$2:O11) -> 2600.7087 | S11: =$M11*'TABELA AUXILIAR'!$J$5+SUM(P$2:P11) -> 3265.432 | T11: =ROUNDDOWN(Q11/2,0) -> 1150 | U11: =ROUNDDOWN(R11/2,0) -> 1300 | V11: =ROUNDDOWN(S11/2,0) -> 1632
A12: 6 | B12: 6.6 | C12: 35 | D12: Areias | E12: SM | F12: {=_xlfn.XLOOKUP(D12,'TABELA AUXILIAR'!$A$2:$A$5,IF('SPT-06'!A12<3,'TABELA AUXILIAR'!$B$2:$B$5,'TABELA AUXILIAR'!$C$2:$C$5),"",0,1)} -> 8.5 | G12: =C12 / MIN(2, SQRT(101.3/J12)) -> 32.630821 | H12: =27.5+9.2*LOG10(C12) -> 41.705426 | I12: =IF(D12="Areias",101.3*0.47*(G12)^0.8,101.3*0.15*(G12)) -> 773.76611 | J12: =J11+(B11-A11)/2*F11+(B12-A12)/2*F12 -> 88.05 | K12: =(1-SIN(RADIANS(H12)))*(I12/J12)^SIN(RADIANS(H12))*TAN(RADIANS(H12)) -> 1.2663787 | L12: =K12*J12 -> 111.50464 | M12: =0.59*(G12*101.3/J12)^0.8*J12 -> 944.46929 | N12: =$L12*'TABELA AUXILIAR'!$I$3*(B12-A12) -> 251.55448 | O12: =$L12*'TABELA AUXILIAR'!$I$4*(B12-A12) -> 272.96337 | P12: =$L12*'TABELA AUXILIAR'!$I$5*(B12-A12) -> 315.11213 | Q12: =$M12*'TABELA AUXILIAR'!$J$3+SUM(N$2:N12) -> 2360.1683 | R12: =$M12*'TABELA AUXILIAR'!$J$4+SUM(O$2:O12) -> 2649.653 | S12: =$M12*'TABELA AUXILIAR'!$J$5+SUM(P$2:P12) -> 3281.8521 | T12: =ROUNDDOWN(Q12/2,0) -> 1180 | U12: =ROUNDDOWN(R12/2,0) -> 1324 | V12: =ROUNDDOWN(S12/2,0) -> 1640
A13: 6.6 | B13: 7.2 | C13: 41 | D13: Areias | E13: SM | F13: {=_xlfn.XLOOKUP(D13,'TABELA AUXILIAR'!$A$2:$A$5,IF('SPT-06'!A13<3,'TABELA AUXILIAR'!$B$2:$B$5,'TABELA AUXILIAR'!$C$2:$C$5),"",0,1)} -> 8.5 | G13: =C13 / MIN(2, SQRT(101.3/J13)) -> 39.316112 | H13: =27.5+9.2*LOG10(C13) -> 42.337611 | I13: =IF(D13="Areias",101.3*0.47*(G13)^0.8,101.3*0.15*(G13)) -> 898.18077 | J13: =J12+(B12-A12)/2*F12+(B13-A13)/2*F13 -> 93.15 | K13: =(1-SIN(RADIANS(H13)))*(I13/J13)^SIN(RADIANS(H13))*TAN(RADIANS(H13)) -> 1.3687068 | L13: =K13*J13 -> 127.49503 | M13: =0.59*(G13*101.3/J13)^0.8*J13 -> 1108.7473 | N13: =$L13*'TABELA AUXILIAR'!$I$3*(B13-A13) -> 287.6288 | O13: =$L13*'TABELA AUXILIAR'!$I$4*(B13-A13) -> 312.10784 | P13: =$L13*'TABELA AUXILIAR'!$I$5*(B13-A13) -> 360.30097 | Q13: =$M13*'TABELA AUXILIAR'!$J$3+SUM(N$2:N13) -> 2833.4313 | R13: =$M13*'TABELA AUXILIAR'!$J$4+SUM(O$2:O13) -> 3178.6079 | S13: =$M13*'TABELA AUXILIAR'!$J$5+SUM(P$2:P13) -> 3931.2824 | T13: =ROUNDDOWN(Q13/2,0) -> 1416 | U13: =ROUNDDOWN(R13/2,0) -> 1589 | V13: =ROUNDDOWN(S13/2,0) -> 1965
A14: 7.2 | B14: 7.8 | C14: 27 | D14: Areias | E14: SM | F14: {=_xlfn.XLOOKUP(D14,'TABELA AUXILIAR'!$A$2:$A$5,IF('SPT-06'!A14<3,'TABELA AUXILIAR'!$B$2:$B$5,'TABELA AUXILIAR'!$C$2:$C$5),"",0,1)} -> 8.5 | G14: =C14 / MIN(2, SQRT(101.3/J14)) -> 26.590428 | H14: =27.5+9.2*LOG10(C14) -> 40.668547 | I14: =IF(D14="Areias",101.3*0.47*(G14)^0.8,101.3*0.15*(G14)) -> 656.8823 | J14: =J13+(B13-A13)/2*F13+(B14-A14)/2*F14 -> 98.25 | K14: =(1-SIN(RADIANS(H14)))*(I14/J14)^SIN(RADIANS(H14))*TAN(RADIANS(H14)) -> 1.032284 | L14: =K14*J14 -> 101.42191 | M14: =0.59*(G14*101.3/J14)^0.8*J14 -> 819.57054 | N14: =$L14*'TABELA AUXILIAR'!$I$3*(B14-A14) -> 228.80782 | O14: =$L14*'TABELA AUXILIAR'!$I$4*(B14-A14) -> 248.28083 | P14: =$L14*'TABELA AUXILIAR'!$I$5*(B14-A14) -> 286.61831 | Q14: =$M14*'TABELA AUXILIAR'!$J$3+SUM(N$2:N14) -> 2735.4693 | R14: =$M14*'TABELA AUXILIAR'!$J$4+SUM(O$2:O14) -> 3045.1754 | S14: =$M14*'TABELA AUXILIAR'!$J$5+SUM(P$2:P14) -> 3708.9495 | T14: =ROUNDDOWN(Q14/2,0) -> 1367 | U14: =ROUNDDOWN(R14/2,0) -> 1522 | V14: =ROUNDDOWN(S14/2,0) -> 1854
... A75: 43.8 | B75: 44.4 | C75: 50 | D75: Areias | E75: SM | F75: {=_xlfn.XLOOKUP(D75,'TABELA AUXILIAR'!$A$2:$A$5,IF('SPT-06'!A75<3,'TABELA AUXILIAR'!$B$2:$B$5,'TABELA AUXILIAR'!$C$2:$C$5),"",0,1)} -> 8.5 | G75: =C75 / MIN(2, SQRT(101.3/J75)) -> 103.70125 | H75: =27.5+9.2*LOG10(C75) -> 43.130524 | I75: =IF(D75="Areias",101.3*0.47*(G75)^0.8,101.3*0.15*(G75)) -> 1951.3469 | J75: =J74+(B74-A74)/2*F74+(B75-A75)/2*F75 -> 435.75 | K75: =(1-SIN(RADIANS(H75)))*(I75/J75)^SIN(RADIANS(H75))*TAN(RADIANS(H75)) -> 0.82588641 | L75: =K75*J75 -> 359.88 | M75: =0.59*(G75*101.3/J75)^0.8*J75 -> 3279.5498 | N75: =$L75*'TABELA AUXILIAR'!$I$3*(B75-A75) -> 811.88929 | O75: =$L75*'TABELA AUXILIAR'!$I$4*(B75-A75) -> 880.98625 | P75: =$L75*'TABELA AUXILIAR'!$I$5*(B75-A75) -> 1017.0209 | Q75: =$M75*'TABELA AUXILIAR'!$J$3+SUM(N$2:N75) -> 38339.321 | R75: =$M75*'TABELA AUXILIAR'!$J$4+SUM(O$2:O75) -> 41909.961 | S75: =$M75*'TABELA AUXILIAR'!$J$5+SUM(P$2:P75) -> 49155.905 | T75: =ROUNDDOWN(Q75/2,0) -> 19169 | U75: =ROUNDDOWN(R75/2,0) -> 20954 | V75: =ROUNDDOWN(S75/2,0) -> 24577
A76: 44.4 | B76: 45 | C76: 50 | D76: Areias | E76: SM | F76: {=_xlfn.XLOOKUP(D76,'TABELA AUXILIAR'!$A$2:$A$5,IF('SPT-06'!A76<3,'TABELA AUXILIAR'!$B$2:$B$5,'TABELA AUXILIAR'!$C$2:$C$5),"",0,1)} -> 8.5 | G76: =C76 / MIN(2, SQRT(101.3/J76)) -> 104.30634 | H76: =27.5+9.2*LOG10(C76) -> 43.130524 | I76: =IF(D76="Areias",101.3*0.47*(G76)^0.8,101.3*0.15*(G76)) -> 1960.4504 | J76: =J75+(B75-A75)/2*F75+(B76-A76)/2*F76 -> 440.85 | K76: =(1-SIN(RADIANS(H76)))*(I76/J76)^SIN(RADIANS(H76))*TAN(RADIANS(H76)) -> 0.8219538 | L76: =K76*J76 -> 362.35833 | M76: =0.59*(G76*101.3/J76)^0.8*J76 -> 3302.5264 | N76: =$L76*'TABELA AUXILIAR'!$I$3*(B76-A76) -> 817.4804 | O76: =$L76*'TABELA AUXILIAR'!$I$4*(B76-A76) -> 887.0532 | P76: =$L76*'TABELA AUXILIAR'!$I$5*(B76-A76) -> 1024.0247 | Q76: =$M76*'TABELA AUXILIAR'!$J$3+SUM(N$2:N76) -> 39182.765 | R76: =$M76*'TABELA AUXILIAR'!$J$4+SUM(O$2:O76) -> 42827.344 | S76: =$M76*'TABELA AUXILIAR'!$J$5+SUM(P$2:P76) -> 50220.369
A77: 45 | B77: 45.4 | C77: 50 | D77: Areias | E77: SM | F77: {=_xlfn.XLOOKUP(D77,'TABELA AUXILIAR'!$A$2:$A$5,IF('SPT-06'!A77<3,'TABELA AUXILIAR'!$B$2:$B$5,'TABELA AUXILIAR'!$C$2:$C$5),"",0,1)} -> 8.5 | G77: =C77 / MIN(2, SQRT(101.3/J77)) -> 104.80791 | H77: =27.5+9.2*LOG10(C77) -> 43.130524 | I77: =IF(D77="Areias",101.3*0.47*(G77)^0.8,101.3*0.15*(G77)) -> 1967.9885 | J77: =J76+(B76-A76)/2*F76+(B77-A77)/2*F77 -> 445.1 | K77: =(1-SIN(RADIANS(H77)))*(I77/J77)^SIN(RADIANS(H77))*TAN(RADIANS(H77)) -> 0.81872531 | L77: =K77*J77 -> 364.41464 | M77: =0.59*(G77*101.3/J77)^0.8*J77 -> 3321.5925 | N77: =$L77*'TABELA AUXILIAR'!$I$3*(B77-A77) -> 548.07961 | O77: =$L77*'TABELA AUXILIAR'!$I$4*(B77-A77) -> 594.72469 | P77: =$L77*'TABELA AUXILIAR'!$I$5*(B77-A77) -> 686.55718 | Q77: =$M77*'TABELA AUXILIAR'!$J$3+SUM(N$2:N77) -> 39752.389 | R77: =$M77*'TABELA AUXILIAR'!$J$4+SUM(O$2:O77) -> 43447.236 | S77: =$M77*'TABELA AUXILIAR'!$J$5+SUM(P$2:P77) -> 50940.482

Sheet SPT médio
A1: Prof_Inicial_m | B1: Prof_Final_m | C1: N1_60 | D1: Grupo_Solo | E1: Classe_SUCS | F1: Peso | G1: N60 | H1: 𝜑′𝑓 | I1: σ' p (kPa) | J1: σ' v (kPa) | K1: β | L1: qs (kPa) | M1: qp (kPa) | N1: Rs-1,2m (kN) | O1: Rs-1,3m (kN) | P1: Rs-1,5m (kN) | Q1: Rn-1,2m (kN) | R1: Rn-1,3m (kN) | S1: Rn-1,5m (kN) | T1: Radm-1,2m (kN) | U1: Radm-1,3m (kN) | V1: Radm-1,5m (kN)
A2: 0 | B2: 0.6 | C2: =ROUNDDOWN(_xlfn.PERCENTILE.INC('SPT-01:SPT-06'!C2, 0.15),0) -> 35 | D2: {=_xlfn.LET(_xlpm.linha, Z2:AE2, _xlpm.contagens, IF(_xlpm.linha="", 0, COUNTIF(_xlpm.linha, _xlpm.linha)), INDEX(_xlpm.linha, MATCH(MAX(_xlpm.contagens), _xlpm.contagens, 0)))} -> Areias | E2: {=_xlfn.LET(_xlpm.linha, AF2:AK2, _xlpm.contagens, IF(_xlpm.linha="", 0, COUNTIF(_xlpm.linha, _xlpm.linha)), INDEX(_xlpm.linha, MATCH(MAX(_xlpm.contagens), _xlpm.contagens, 0)))} -> SM | F2: {=_xlfn.XLOOKUP(D2,'TABELA AUXILIAR'!$A$2:$A$5,IF('SPT médio'!A2<3,'TABELA AUXILIAR'!$B$2:$B$5,'TABELA AUXILIAR'!$C$2:$C$5),"",0,1)} -> 18.5 | G2: =C2 / MIN(2, SQRT(101.3/J2)) -> 17.5 | H2: =27.5+9.2*LOG10(C2) -> 41.705426 | I2: =IF(D2="Areias",101.3*0.47*(G2)^0.8,101.3*0.15*(G2)) -> 470.04317 | J2: =(B2-A2)/2*F2 -> 5.55 | K2: =(1-SIN(RADIANS(H2)))*(I2/J2)^SIN(RADIANS(H2))*TAN(RADIANS(H2)) -> 5.7173683 | L2: =K2*J2 -> 31.731394 | M2: =0.59*(G2*101.3/J2)^0.8*J2 -> 330.08714 | N2: =$L2*'TABELA AUXILIAR'!$I$3*(B2-A2) -> 71.586024 | O2: =$L2*'TABELA AUXILIAR'!$I$4*(B2-A2) -> 77.678452 | P2: =$L2*'TABELA AUXILIAR'!$I$5*(B2-A2) -> 89.672919 | Q2: =$M2*'TABELA AUXILIAR'!$J$3+SUM(N$2:N2) -> 444.58449 | R2: =$M2*'TABELA AUXILIAR'!$J$4+SUM(O$2:O2) -> 513.39348 | S2: =$M2*'TABELA AUXILIAR'!$J$5+SUM(P$2:P2) -> 670.62628 | T2: =ROUNDDOWN(Q2/2,2) -> 222.29 | U2: =ROUNDDOWN(R2/2,2) -> 256.69 | V2: =ROUNDDOWN(S2/2,2) -> 335.31 | Z2: =IF('SPT-01'!$D2="","",'SPT-01'!$D2) -> Areias | AA2: =IF('SPT-02'!$D2="","",'SPT-02'!$D2) -> Areias | AB2: =IF('SPT-03'!$D2="","",'SPT-03'!$D2) -> Areias | AC2: =IF('SPT-04'!$D2="","",'SPT-04'!$D2) -> Finos | AD2: =IF('SPT-05'!$D2="","",'SPT-05'!$D2) -> Areias | AE2: =IF('SPT-06'!$D2="","",'SPT-06'!$D2) -> Finos | AF2: =IF('SPT-01'!$E2="","",'SPT-01'!$E2) -> SP-SM | AG2: =IF('SPT-02'!$E2="","",'SPT-02'!$E2) -> SW-SM | AH2: =IF('SPT-03'!$E2="","",'SPT-03'!$E2) -> SM | AI2: =IF('SPT-04'!$E2="","",'SPT-04'!$E2) -> CL | AJ2: =IF('SPT-05'!$E2="","",'SPT-05'!$E2) -> SM | AK2: =IF('SPT-06'!$E2="","",'SPT-06'!$E2) -> ML
A3: 0.6 | B3: 1.2 | C3: =ROUNDDOWN(_xlfn.PERCENTILE.INC('SPT-01:SPT-06'!C3, 0.15),0) -> 22 | D3: {=_xlfn.LET(_xlpm.linha, Z3:AE3, _xlpm.contagens, IF(_xlpm.linha="", 0, COUNTIF(_xlpm.linha, _xlpm.linha)), INDEX(_xlpm.linha, MATCH(MAX(_xlpm.contagens), _xlpm.contagens, 0)))} -> Areias | E3: {=_xlfn.LET(_xlpm.linha, AF3:AK3, _xlpm.contagens, IF(_xlpm.linha="", 0, COUNTIF(_xlpm.linha, _xlpm.linha)), INDEX(_xlpm.linha, MATCH(MAX(_xlpm.contagens), _xlpm.contagens, 0)))} -> SM | F3: {=_xlfn.XLOOKUP(D3,'TABELA AUXILIAR'!$A$2:$A$5,IF('SPT médio'!A3<3,'TABELA AUXILIAR'!$B$2:$B$5,'TABELA AUXILIAR'!$C$2:$C$5),"",0,1)} -> 18.5 | G3: =C3 / MIN(2, SQRT(101.3/J3)) -> 11 | H3: =27.5+9.2*LOG10(C3) -> 39.850289 | I3: =IF(D3="Areias",101.3*0.47*(G3)^0.8,101.3*0.15*(G3)) -> 324.2063 | J3: =J2+(B2-A2)/2*F2+(B3-A3)/2*F3 -> 16.65 | K3: =(1-SIN(RADIANS(H3)))*(I3/J3)^SIN(RADIANS(H3))*TAN(RADIANS(H3)) -> 2.0095325 | L3: =K3*J3 -> 33.458716 | M3: =0.59*(G3*101.3/J3)^0.8*J3 -> 283.61981 | N3: =$L3*'TABELA AUXILIAR'!$I$3*(B3-A3) -> 75.482862 | O3: =$L3*'TABELA AUXILIAR'!$I$4*(B3-A3) -> 81.906936 | P3: =$L3*'TABELA AUXILIAR'!$I$5*(B3-A3) -> 94.55433 | Q3: =$M3*'TABELA AUXILIAR'!$J$3+SUM(N$2:N3) -> 467.55927 | R3: =$M3*'TABELA AUXILIAR'!$J$4+SUM(O$2:O3) -> 533.96354 | S3: =$M3*'TABELA AUXILIAR'!$J$5+SUM(P$2:P3) -> 683.39812 | T3: =ROUNDDOWN(Q3/2,2) -> 233.77 | U3: =ROUNDDOWN(R3/2,2) -> 266.98 | V3: =ROUNDDOWN(S3/2,2) -> 341.69 | Z3: =IF('SPT-01'!$D3="","",'SPT-01'!$D3) -> Areias | AA3: =IF('SPT-02'!$D3="","",'SPT-02'!$D3) -> Areias | AB3: =IF('SPT-03'!$D3="","",'SPT-03'!$D3) -> Areias | AC3: =IF('SPT-04'!$D3="","",'SPT-04'!$D3) -> Finos | AD3: =IF('SPT-05'!$D3="","",'SPT-05'!$D3) -> Areias | AE3: =IF('SPT-06'!$D3="","",'SPT-06'!$D3) -> Finos | AF3: =IF('SPT-01'!$E3="","",'SPT-01'!$E3) -> SP-SM | AG3: =IF('SPT-02'!$E3="","",'SPT-02'!$E3) -> SW-SM | AH3: =IF('SPT-03'!$E3="","",'SPT-03'!$E3) -> SM | AI3: =IF('SPT-04'!$E3="","",'SPT-04'!$E3) -> CL | AJ3: =IF('SPT-05'!$E3="","",'SPT-05'!$E3) -> SM | AK3: =IF('SPT-06'!$E3="","",'SPT-06'!$E3) -> ML
A4: 1.2 | B4: 1.8 | C4: =ROUNDDOWN(_xlfn.PERCENTILE.INC('SPT-01:SPT-06'!C4, 0.15),0) -> 15 | D4: {=_xlfn.LET(_xlpm.linha, Z4:AE4, _xlpm.contagens, IF(_xlpm.linha="", 0, COUNTIF(_xlpm.linha, _xlpm.linha)), INDEX(_xlpm.linha, MATCH(MAX(_xlpm.contagens), _xlpm.contagens, 0)))} -> Areias | E4: {=_xlfn.LET(_xlpm.linha, AF4:AK4, _xlpm.contagens, IF(_xlpm.linha="", 0, COUNTIF(_xlpm.linha, _xlpm.linha)), INDEX(_xlpm.linha, MATCH(MAX(_xlpm.contagens), _xlpm.contagens, 0)))} -> CL | F4: {=_xlfn.XLOOKUP(D4,'TABELA AUXILIAR'!$A$2:$A$5,IF('SPT médio'!A4<3,'TABELA AUXILIAR'!$B$2:$B$5,'TABELA AUXILIAR'!$C$2:$C$5),"",0,1)} -> 18.5 | G4: =C4 / MIN(2, SQRT(101.3/J4)) -> 7.8508744 | H4: =27.5+9.2*LOG10(C4) -> 38.32004 | I4: =IF(D4="Areias",101.3*0.47*(G4)^0.8,101.3*0.15*(G4)) -> 247.53791 | J4: =J3+(B3-A3)/2*F3+(B4-A4)/2*F4 -> 27.75 | K4: =(1-SIN(RADIANS(H4)))*(I4/J4)^SIN(RADIANS(H4))*TAN(RADIANS(H4)) -> 1.1663029 | L4: =K4*J4 -> 32.364905 | M4: =0.59*(G4*101.3/J4)^0.8*J4 -> 239.84275 | N4: =$L4*'TABELA AUXILIAR'!$I$3*(B4-A4) -> 73.015226 | O4: =$L4*'TABELA AUXILIAR'!$I$4*(B4-A4) -> 79.229287 | P4: =$L4*'TABELA AUXILIAR'!$I$5*(B4-A4) -> 91.463222 | Q4: =$M4*'TABELA AUXILIAR'!$J$3+SUM(N$2:N4) -> 491.10642 | R4: =$M4*'TABELA AUXILIAR'!$J$4+SUM(O$2:O4) -> 555.4071 | S4: =$M4*'TABELA AUXILIAR'!$J$5+SUM(P$2:P4) -> 697.81371 | T4: =ROUNDDOWN(Q4/2,2) -> 245.55 | U4: =ROUNDDOWN(R4/2,2) -> 277.7 | V4: =ROUNDDOWN(S4/2,2) -> 348.9 | Z4: =IF('SPT-01'!$D4="","",'SPT-01'!$D4) -> Areias | AA4: =IF('SPT-02'!$D4="","",'SPT-02'!$D4) -> Areias | AB4: =IF('SPT-03'!$D4="","",'SPT-03'!$D4) -> Finos | AC4: =IF('SPT-04'!$D4="","",'SPT-04'!$D4) -> Finos | AD4: =IF('SPT-05'!$D4="","",'SPT-05'!$D4) -> Areias | AE4: =IF('SPT-06'!$D4="","",'SPT-06'!$D4) -> Finos | AF4: =IF('SPT-01'!$E4="","",'SPT-01'!$E4) -> SP-SM | AG4: =IF('SPT-02'!$E4="","",'SPT-02'!$E4) -> SW-SM | AH4: =IF('SPT-03'!$E4="","",'SPT-03'!$E4) -> CL | AI4: =IF('SPT-04'!$E4="","",'SPT-04'!$E4) -> CL | AJ4: =IF('SPT-05'!$E4="","",'SPT-05'!$E4) -> SM | AK4: =IF('SPT-06'!$E4="","",'SPT-06'!$E4) -> ML
A5: 1.8 | B5: 2.4 | C5: =ROUNDDOWN(_xlfn.PERCENTILE.INC('SPT-01:SPT-06'!C5, 0.15),0) -> 21 | D5: {=_xlfn.LET(_xlpm.linha, Z5:AE5, _xlpm.contagens, IF(_xlpm.linha="", 0, COUNTIF(_xlpm.linha, _xlpm.linha)), INDEX(_xlpm.linha, MATCH(MAX(_xlpm.contagens), _xlpm.contagens, 0)))} -> Areias | E5: {=_xlfn.LET(_xlpm.linha, AF5:AK5, _xlpm.contagens, IF(_xlpm.linha="", 0, COUNTIF(_xlpm.linha, _xlpm.linha)), INDEX(_xlpm.linha, MATCH(MAX(_xlpm.contagens), _xlpm.contagens, 0)))} -> SM | F5: {=_xlfn.XLOOKUP(D5,'TABELA AUXILIAR'!$A$2:$A$5,IF('SPT médio'!A5<3,'TABELA AUXILIAR'!$B$2:$B$5,'TABELA AUXILIAR'!$C$2:$C$5),"",0,1)} -> 18.5 | G5: =C5 / MIN(2, SQRT(101.3/J5)) -> 13.004992 | H5: =27.5+9.2*LOG10(C5) -> 39.664418 | I5: =IF(D5="Areias",101.3*0.47*(G5)^0.8,101.3*0.15*(G5)) -> 370.67677 | J5: =J4+(B4-A4)/2*F4+(B5-A5)/2*F5 -> 38.85 | K5: =(1-SIN(RADIANS(H5)))*(I5/J5)^SIN(RADIANS(H5))*TAN(RADIANS(H5)) -> 1.2655358 | L5: =K5*J5 -> 49.166067 | M5: =0.59*(G5*101.3/J5)^0.8*J5 -> 384.15442 | N5: =$L5*'TABELA AUXILIAR'!$I$3*(B5-A5) -> 110.91865 | O5: =$L5*'TABELA AUXILIAR'!$I$4*(B5-A5) -> 120.35853 | P5: =$L5*'TABELA AUXILIAR'!$I$5*(B5-A5) -> 138.94331 | Q5: =$M5*'TABELA AUXILIAR'!$J$3+SUM(N$2:N5) -> 765.09726 | R5: =$M5*'TABELA AUXILIAR'!$J$4+SUM(O$2:O5) -> 866.25705 | S5: =$M5*'TABELA AUXILIAR'!$J$5+SUM(P$2:P5) -> 1090.7456 | T5: =ROUNDDOWN(Q5/2,2) -> 382.54 | U5: =ROUNDDOWN(R5/2,2) -> 433.12 | V5: =ROUNDDOWN(S5/2,2) -> 545.37 | Z5: =IF('SPT-01'!$D5="","",'SPT-01'!$D5) -> Areias | AA5: =IF('SPT-02'!$D5="","",'SPT-02'!$D5) -> Areias | AB5: =IF('SPT-03'!$D5="","",'SPT-03'!$D5) -> Finos | AC5: =IF('SPT-04'!$D5="","",'SPT-04'!$D5) -> Finos | AD5: =IF('SPT-05'!$D5="","",'SPT-05'!$D5) -> Areias | AE5: =IF('SPT-06'!$D5="","",'SPT-06'!$D5) -> Finos | AF5: =IF('SPT-01'!$E5="","",'SPT-01'!$E5) -> SM | AG5: =IF('SPT-02'!$E5="","",'SPT-02'!$E5) -> SW-SM | AH5: =IF('SPT-03'!$E5="","",'SPT-03'!$E5) -> CL | AI5: =IF('SPT-04'!$E5="","",'SPT-04'!$E5) -> CL | AJ5: =IF('SPT-05'!$E5="","",'SPT-05'!$E5) -> SM | AK5: =IF('SPT-06'!$E5="","",'SPT-06'!$E5) -> ML
