Workbook

Sheet SIM. - DRENAGEM
B2: SIMULAÇÃO
B3: REFERÊNCIA | C3: ÁREA (m²)
B4: TBARC | C4: {=IFERROR(INDIRECT("'"&$B4&"'!C05"),"-")} -> 59949
B6: DADOS DE ENTRADA | I6: DADOS - ÁREAS DE CONTRIBUIÇÃO
B7: PROJETO | C7: SETOR | D7: PLUVIAL | E7: OLEOSA | F7: CONTAMINADA | G7: ÁREA (m²) | I7: DISCIPLINA | J7: ='SIM. - DRENAGEM'!$C$8 -> ÁREA DAS TURBINAS | K7: ='SIM. - DRENAGEM'!$C$9 -> SUBESTAÇÃO | L7: [PREENCHER] | M7: [PREENCHER] | N7: TOTAL
B8: UTLIN | C8: ÁREA DAS TURBINAS | D8: SIM | E8: SIM | F8: SIM | G8: 64567.29 | I8: PLUVIAL | J8: =IF(AND('SIM. - DRENAGEM'!J$7='SIM. - DRENAGEM'!$C$8,_xlfn.XLOOKUP($I8,'SIM. - DRENAGEM'!$B$7:$G$7,'SIM. - DRENAGEM'!$B$8:$G$8)="SIM"),'SIM. - DRENAGEM'!$G$8,0) -> 64567.29 | K8: =IF(AND('SIM. - DRENAGEM'!K$7='SIM. - DRENAGEM'!$C$9,_xlfn.XLOOKUP($I8,'SIM. - DRENAGEM'!$B$7:$G$7,'SIM. - DRENAGEM'!$B$9:$G$9)="SIM"),'SIM. - DRENAGEM'!$G$9,0) -> 50353.84 | L8: =IF(AND('SIM. - DRENAGEM'!L$7=$C$10,_xlfn.XLOOKUP($I8,'SIM. - DRENAGEM'!$B$7:$G$7,$B$10:$G$10)="SIM"),$G$10,0) -> 0 | M8: =IF(AND('SIM. - DRENAGEM'!M$7=$C$11,_xlfn.XLOOKUP($I8,'SIM. - DRENAGEM'!$B$7:$G$7,$B$11:$G$11)="SIM"),$G$11,0) -> 0 | N8: =J8+K8 -> 114921.13
B9: UTLIN | C9: SUBESTAÇÃO | D9: SIM | E9: NÃO | F9: NÃO | G9: 50353.84 | I9: OLEOSA | J9: =IF(_xlfn.XLOOKUP(I9,'SIM. - DRENAGEM'!$B$7:$G$7,'SIM. - DRENAGEM'!$B$8:$G$8)="SIM",'SIM. - DRENAGEM'!$G$8) -> 64567.29 | K9: =IF(AND('SIM. - DRENAGEM'!K$7='SIM. - DRENAGEM'!$C$9,_xlfn.XLOOKUP($I9,'SIM. - DRENAGEM'!$B$7:$G$7,'SIM. - DRENAGEM'!$B$9:$G$9)="SIM"),'SIM. - DRENAGEM'!$G$9,0) -> 0 | L9: =IF(AND('SIM. - DRENAGEM'!L$7=$C$10,_xlfn.XLOOKUP($I9,'SIM. - DRENAGEM'!$B$7:$G$7,$B$10:$G$10)="SIM"),$G$10,0) -> 0 | M9: =IF(AND('SIM. - DRENAGEM'!M$7=$C$11,_xlfn.XLOOKUP($I9,'SIM. - DRENAGEM'!$B$7:$G$7,$B$11:$G$11)="SIM"),$G$11,0) -> 0 | N9: =J9+K9 -> 64567.29
B10: [PREENCHER] | C10: [PREENCHER] | D10: [PREENCHER] | E10: [PREENCHER] | F10: [PREENCHER] | G10: [PREENCHER] | I10: CONTAMINADA | J10: =IF(_xlfn.XLOOKUP(I10,'SIM. - DRENAGEM'!$B$7:$G$7,'SIM. - DRENAGEM'!$B$8:$G$8)="SIM",'SIM. - DRENAGEM'!$G$8) -> 64567.29 | K10: =IF(AND('SIM. - DRENAGEM'!K$7='SIM. - DRENAGEM'!$C$9,_xlfn.XLOOKUP($I10,'SIM. - DRENAGEM'!$B$7:$G$7,'SIM. - DRENAGEM'!$B$9:$G$9)="SIM"),'SIM. - DRENAGEM'!$G$9,0) -> 0 | L10: =IF(AND('SIM. - DRENAGEM'!L$7=$C$10,_xlfn.XLOOKUP($I10,'SIM. - DRENAGEM'!$B$7:$G$7,$B$10:$G$10)="SIM"),$G$10,0) -> 0 | M10: =IF(AND('SIM. - DRENAGEM'!M$7=$C$11,_xlfn.XLOOKUP($I10,'SIM. - DRENAGEM'!$B$7:$G$7,$B$11:$G$11)="SIM"),$G$11,0) -> 0 | N10: =J10+K10 -> 64567.29
B11: [PREENCHER] | C11: [PREENCHER] | D11: [PREENCHER] | E11: [PREENCHER] | F11: [PREENCHER] | G11: [PREENCHER]
B13: RESULTADO
B14: DISCIPLINA | C14: DIÂMETRO (mm) | D14: COMP. REFERÊNCIA (m) | E14: COMP. PROJETO (m)
B15: PLUVIAL | C15: 100 | D15: {=IFERROR(INDIRECT("'"&'SIM. - DRENAGEM'!$B$4&"'!K22"),"-")} -> 25.03 | E15: =_xlfn.XLOOKUP($B15,'SIM. - DRENAGEM'!$I$8:$I$10,'SIM. - DRENAGEM'!$N$8:$N$10)/'SIM. - DRENAGEM'!$C$4*$D15 -> 47.982049
B16: PLUVIAL | C16: 150 | D16: {=IFERROR(INDIRECT("'"&'SIM. - DRENAGEM'!$B$4&"'!K23"),"-")} -> 23.01 | E16: =_xlfn.XLOOKUP($B16,'SIM. - DRENAGEM'!$I$8:$I$10,'SIM. - DRENAGEM'!$N$8:$N$10)/'SIM. - DRENAGEM'!$C$4*$D16 -> 44.109747
B17: PLUVIAL | C17: 200 | D17: {=IFERROR(INDIRECT("'"&'SIM. - DRENAGEM'!$B$4&"'!K24"),"-")} -> 162.2 | E17: =_xlfn.XLOOKUP($B17,'SIM. - DRENAGEM'!$I$8:$I$10,'SIM. - DRENAGEM'!$N$8:$N$10)/'SIM. - DRENAGEM'!$C$4*$D17 -> 310.93442
B18: PLUVIAL | C18: 250 | D18: {=IFERROR(INDIRECT("'"&'SIM. - DRENAGEM'!$B$4&"'!K25"),"-")} -> 40.3 | E18: =_xlfn.XLOOKUP($B18,'SIM. - DRENAGEM'!$I$8:$I$10,'SIM. - DRENAGEM'!$N$8:$N$10)/'SIM. - DRENAGEM'!$C$4*$D18 -> 77.254359
B19: PLUVIAL | C19: 300 | D19: {=IFERROR(INDIRECT("'"&'SIM. - DRENAGEM'!$B$4&"'!K26"),"-")} -> 677.3 | E19: =_xlfn.XLOOKUP($B19,'SIM. - DRENAGEM'!$I$8:$I$10,'SIM. - DRENAGEM'!$N$8:$N$10)/'SIM. - DRENAGEM'!$C$4*$D19 -> 1298.3716
B20: PLUVIAL | C20: 400 | D20: {=IFERROR(INDIRECT("'"&'SIM. - DRENAGEM'!$B$4&"'!K27"),"-")} -> 205.22 | E20: =_xlfn.XLOOKUP($B20,'SIM. - DRENAGEM'!$I$8:$I$10,'SIM. - DRENAGEM'!$N$8:$N$10)/'SIM. - DRENAGEM'!$C$4*$D20 -> 393.40296
B21: PLUVIAL | C21: 600 | D21: {=IFERROR(INDIRECT("'"&'SIM. - DRENAGEM'!$B$4&"'!K28"),"-")} -> 188.11 | E21: =_xlfn.XLOOKUP($B21,'SIM. - DRENAGEM'!$I$8:$I$10,'SIM. - DRENAGEM'!$N$8:$N$10)/'SIM. - DRENAGEM'!$C$4*$D21 -> 360.60341
B22: PLUVIAL | C22: 800 | D22: {=IFERROR(INDIRECT("'"&'SIM. - DRENAGEM'!$B$4&"'!K29"),"-")} -> 338.7 | E22: =_xlfn.XLOOKUP($B22,'SIM. - DRENAGEM'!$I$8:$I$10,'SIM. - DRENAGEM'!$N$8:$N$10)/'SIM. - DRENAGEM'!$C$4*$D22 -> 649.28167
B23: PLUVIAL | C23: 1050 | D23: {=IFERROR(INDIRECT("'"&'SIM. - DRENAGEM'!$B$4&"'!K30"),"-")} -> 233.91 | E23: =_xlfn.XLOOKUP($B23,'SIM. - DRENAGEM'!$I$8:$I$10,'SIM. - DRENAGEM'!$N$8:$N$10)/'SIM. - DRENAGEM'!$C$4*$D23 -> 448.40117
B24: PLUVIAL | C24: 1200 | D24: {=IFERROR(INDIRECT("'"&'SIM. - DRENAGEM'!$B$4&"'!K31"),"-")} -> 42.32 | E24: =_xlfn.XLOOKUP($B24,'SIM. - DRENAGEM'!$I$8:$I$10,'SIM. - DRENAGEM'!$N$8:$N$10)/'SIM. - DRENAGEM'!$C$4*$D24 -> 81.126661
B25: PLUVIAL | C25: 1500 | D25: {=IFERROR(INDIRECT("'"&'SIM. - DRENAGEM'!$B$4&"'!K32"),"-")} -> 17.59 | E25: =_xlfn.XLOOKUP($B25,'SIM. - DRENAGEM'!$I$8:$I$10,'SIM. - DRENAGEM'!$N$8:$N$10)/'SIM. - DRENAGEM'!$C$4*$D25 -> 33.719706
B26: OLEOSA | C26: 150 | D26: {=IFERROR(INDIRECT("'"&'SIM. - DRENAGEM'!$B$4&"'!K33"),"-")} -> 814.35 | E26: =_xlfn.XLOOKUP($B26,'SIM. - DRENAGEM'!$I$8:$I$10,'SIM. - DRENAGEM'!$N$8:$N$10)/'SIM. - DRENAGEM'!$C$4*$D26 -> 877.08507
B27: OLEOSA | C27: 400 | D27: {=IFERROR(INDIRECT("'"&'SIM. - DRENAGEM'!$B$4&"'!K34"),"-")} -> 363.32 | E27: =_xlfn.XLOOKUP($B27,'SIM. - DRENAGEM'!$I$8:$I$10,'SIM. - DRENAGEM'!$N$8:$N$10)/'SIM. - DRENAGEM'!$C$4*$D27 -> 391.30908
B28: CONTAMINADA | C28: 100 | D28: {=IFERROR(INDIRECT("'"&'SIM. - DRENAGEM'!$B$4&"'!K35"),"-")} -> 366.37 | E28: =_xlfn.XLOOKUP($B28,'SIM. - DRENAGEM'!$I$8:$I$10,'SIM. - DRENAGEM'!$N$8:$N$10)/'SIM. - DRENAGEM'!$C$4*$D28 -> 394.59404
B29: CONTAMINADA | C29: 150 | D29: {=IFERROR(INDIRECT("'"&'SIM. - DRENAGEM'!$B$4&"'!K36"),"-")} -> 977.68 | E29: =_xlfn.XLOOKUP($B29,'SIM. - DRENAGEM'!$I$8:$I$10,'SIM. - DRENAGEM'!$N$8:$N$10)/'SIM. - DRENAGEM'!$C$4*$D29 -> 1052.9975

Sheet SIM. - TERRAPLANAGEM

Sheet SIM. - PAVIMENTAÇÃO

Sheet TBARC
A1: INFORMAÇÕES GERAIS DO PROJETO | E1: CRITÉRIOS DE TERRAPLANAGEM | I1: CRITÉRIOS DE DRENAGEM | M1: CRITÉRIOS DE PAVIMENTAÇÃO
A3: ITEM | B3: UNIDADE | C3: VALOR | E3: ITEM | F3: UNIDADE | G3: VALOR | I3: ITEM | J3: UNIDADE | K3: VALOR | M3: ITEM | N3: UNIDADE | O3: VALOR
A4: Tipo de Ciclo | C4: Ciclo Aberto | E4: Empolamento 1ª e 2ª | I4: IDF - K | K4: 0 | M4: Largura do acesso | N4: m | O4: 6
A5: Área total | B5: m² | C5: 59949 | E5: Corte -> Aterro Compactado | I5: IDF - a | K5: 0 | M5: Raio de Curva interno | N5: m | O5: 10
A6: Turbinas | B6: un | C6: 4 | E6: Aproveitamento - Material de Corte | I6: IDF - b | K6: 0 | M6: CBR do reforço do subleito | O6: 0.15
A7: Área unitária das turbinas | B7: m² | C7: 8666 | E7: Bota-fora considera empolamento? | I7: IDF - c | K7: 0 | M7: Reforço do subleito | N7: m | O7: 0.6
A8: Área total das turbinas | B8: m² | C8: =C7*C6 -> 34664 | E8: Jazida Externa considera empolamento? | I8: Tr | J8: anos | K8: 20 | M8: Material de sub-base | O8: Brita Graduada Simples CBR>60% EXP <2%
E9: Raspagem | F9: m | G9: 0.3 | I9: Tc | J9: mín | K9: 10 | M9: Sub-base | N9: m | O9: 0.2
A10: REFERÊNCIAS | E10: Talude de corte | G10: 1:2 | I10: Intensidade de chuva | J10: mm/h | K10: =IFERROR((K4*(K8^K5))/(K9+(K6^K7)),154.3) -> 154.3 | M10: Material de base | O10: Brita Graduada Simples CBR>60% EXP <2%
E11: Talude de aterro | G11: 1:2 | I11: Run off - Área britada | K11: 0.4 | M11: Base | N11: m | O11: 0.15
A12: ITEM | B12: LINK | E12: Largura da berma | F12: m | G12: 3 | I12: Run off - Área pavimentada | K12: 0.9 | M12: Material da camada asfáltica | O12: Concreto Fck 30 Mpa
A13: Crit. Terraplanagem | E13: Declividade mínima dos dispositivos de drenagem | G13: 0.003 | I13: Run off - Área coberta | J13: x | K13: 0.95 | M13: Camada Asfáltica | N13: m | O13: 0.15
A14: Crit. Drenagem | B14: LINK | I14: Run off - Área de talude | K14: 0.5 | M14: Declividade transversal da via | O14: 0.01
A15: Crit. Pavimentação | B15: LINK | I15: Run off - Terreno Natural | K15: 0.4 | M15: Valor de N: eixo padrão - 8,2tf - USACE | O15: 1,0 x 10^6
A16: Qtd. Tererraplanagem | I16: Run off - Média | K16: =AVERAGE(K11,K12,K13,K14,K15) -> 0.63 | M16: Valor de N: eixo padrão - 8,2tf - AASHTO | O16: 4,0 x 10^5
A17: Qtd. Drenagem | B17: LINK
A18: Qtd. Pavimentação
E19: TERRAPLANAGEM | I19: TUBOS DE DRENAGEM | M19: PAVIMENTAÇÃO
A20: CADASTRO
E21: ITEM | F21: UNIDADE | G21: VALOR | I21: DISCIPLINA | J21: DIÂMETRO (mm) | K21: COMPRIMENTO (m) | M21: CAMADA | N21: UNIDADE | O21: VALOR
A22: ITEM | B22: INFO | E22: RASPAGEM | F22: m³ | I22: PLUVIAL | J22: 100 | K22: 25.03 | M22: REMOÇÃO DO PAV EXISTENTE | N22: m³
A23: Versão | B23: 0 | E23: CORTE | F23: m³ | I23: PLUVIAL | J23: 150 | K23: 23.01 | M23: REFORÇO DO SUBLEITO | N23: m³
A24: Responsável | B24: Wagner Lasagno | E24: ATERRO | F24: m³ | I24: PLUVIAL | J24: 200 | K24: 162.2 | M24: SUB-BASE | N24: m³
A25: Data de Preenchimento | B25: 46281 | I25: PLUVIAL | J25: 250 | K25: 40.3 | M25: BASE | N25: m³
A26: Revisado | B26: Não | I26: PLUVIAL | J26: 300 | K26: 677.3 | M26: CAMADA ASFÁLTICA | N26: m³
A27: =IF($B$26="sim","Versão"," ") | I27: PLUVIAL | J27: 400 | K27: 205.22
A28: =IF($B$26="sim","Responsável"," ") | I28: PLUVIAL | J28: 600 | K28: 188.11
A29: =IF($B$26="sim","Data de Preenchimento"," ") | I29: PLUVIAL | J29: 800 | K29: 338.7
A30: GNA I | I30: PLUVIAL | J30: 1050 | K30: 233.91
A31: GNA II | I31: PLUVIAL | J31: 1200 | K31: 42.32
A32: PCEM | I32: PLUVIAL | J32: 1500 | K32: 17.59
I33: OLEOSA | J33: 150 | K33: 814.35
I34: OLEOSA | J34: 400 | K34: 363.32
I35: CONTAMINADA | J35: 100 | K35: 366.37
I36: CONTAMINADA | J36: 150 | K36: 977.68
